Marital status,Application mode,Application order,Course,Daytime/evening attendance,Previous qualification,Previous qualification (grade),Mother's qualification,Father's qualification,Mother's occupation,Father's occupation,Admission grade,Displaced,Debtor,Tuition fees up to date,Gender,Scholarship holder,Age at enrollment,Unemployment rate,GDP,prediccion,prob_Dropout,prob_Enrolled,prob_Graduate,riesgo_dropout_pct
1,39,1,9119,1,12,133.1,34,34,0,0,95.1,0,0,0,1,0,49,10.8,1.74,Dropout,99.8,0.1,0.1,99.8
6,39,1,9991,0,12,130.0,37,37,90,90,119.0,1,0,0,1,0,55,7.6,0.32,Dropout,99.4,0.4,0.2,99.4
1,42,1,9119,1,1,140.0,19,19,90,90,120.0,0,1,0,1,0,31,12.7,-1.7,Dropout,98.9,1.0,0.1,98.9
1,39,1,8014,0,15,133.1,34,34,0,0,100.0,1,0,0,0,0,37,9.4,-3.12,Dropout,98.8,0.3,1.0,98.8
1,7,1,9991,0,3,130.0,19,19,3,9,130.0,0,0,0,1,0,32,16.2,-0.92,Dropout,97.7,1.4,0.9,97.7
1,39,1,9773,1,19,133.1,19,1,7,9,115.0,1,1,0,1,0,25,12.7,-1.7,Dropout,97.7,2.0,0.2,97.7
2,7,1,8014,0,3,130.0,35,35,90,90,140.0,0,0,0,0,0,59,10.8,1.74,Dropout,97.5,0.1,2.4,97.5
1,39,1,9670,1,9,133.1,6,22,3,3,120.0,0,1,0,1,0,26,9.4,-3.12,Dropout,97.3,2.3,0.4,97.3
1,7,1,9147,1,2,150.0,3,37,2,5,150.0,1,1,0,0,0,38,15.5,-4.06,Dropout,96.9,2.8,0.3,96.9
1,39,1,9670,1,12,133.1,37,1,9,3,120.0,0,1,0,1,0,40,15.5,-4.06,Dropout,96.8,2.6,0.6,96.8
1,39,1,9254,1,19,133.1,37,37,90,90,100.0,0,0,1,1,0,48,7.6,0.32,Dropout,96.4,1.4,2.2,96.4
5,7,1,9070,1,3,140.0,37,37,7,7,140.0,0,0,0,1,0,30,15.5,-4.06,Dropout,95.9,1.5,2.6,95.9
1,17,6,9670,1,1,117.0,38,19,0,1,114.6,0,0,0,1,0,19,10.8,1.74,Dropout,95.8,1.4,2.8,95.8
1,7,1,8014,0,3,130.0,37,38,0,5,130.0,0,0,0,0,0,28,12.7,-1.7,Dropout,95.8,0.9,3.3,95.8
1,18,5,9853,1,1,121.0,38,19,7,7,117.5,1,1,0,0,0,20,10.8,1.74,Dropout,95.5,3.9,0.6,95.5
1,7,1,9500,1,3,120.0,37,37,4,5,120.0,0,1,0,0,0,28,13.9,0.79,Dropout,95.2,3.2,1.6,95.2
4,39,1,9853,1,19,133.1,38,19,9,9,108.0,0,1,0,0,0,33,8.9,3.51,Dropout,94.4,5.3,0.3,94.4
1,39,1,8014,0,1,140.0,37,37,90,5,115.5,0,0,0,1,0,33,10.8,1.74,Dropout,94.3,3.8,1.9,94.3
1,1,1,9130,1,1,136.0,19,19,90,8,133.9,1,0,0,1,0,20,10.8,1.74,Dropout,94.2,3.1,2.7,94.2
2,39,1,8014,0,19,100.0,38,19,0,10,111.3,0,1,0,0,0,25,7.6,0.32,Dropout,94.2,3.7,2.1,94.2
4,39,1,9500,1,19,110.0,37,38,5,5,151.0,0,1,0,1,0,47,15.5,-4.06,Dropout,94.0,4.9,1.1,94.0
1,39,1,9773,1,19,133.1,19,19,3,4,104.0,0,1,0,0,0,27,11.1,2.02,Dropout,93.8,5.6,0.7,93.8
2,39,1,9119,1,1,120.0,34,34,0,0,140.0,1,0,1,1,0,33,9.4,-3.12,Dropout,93.5,3.7,2.8,93.5
1,42,1,9147,1,1,130.0,34,34,99,99,109.8,1,0,0,1,0,23,7.6,0.32,Dropout,93.5,5.9,0.6,93.5
1,1,1,9853,1,1,125.0,34,37,9,9,129.2,1,1,0,0,0,20,10.8,1.74,Dropout,92.8,6.1,1.1,92.8
4,39,1,8014,0,19,133.1,37,37,90,7,110.0,0,0,0,0,0,31,9.4,-3.12,Dropout,92.5,4.5,3.0,92.5
1,1,1,9670,1,1,130.0,1,1,0,0,119.5,0,0,0,1,0,19,9.4,-3.12,Dropout,92.4,3.8,3.8,92.4
2,39,2,9119,1,19,133.1,37,37,7,7,118.0,0,0,0,1,0,33,9.4,-3.12,Dropout,92.3,7.3,0.4,92.3
1,39,1,9003,1,1,130.0,37,37,6,6,100.0,0,1,0,1,0,28,15.5,-4.06,Dropout,91.8,7.6,0.6,91.8
1,39,1,9003,1,1,111.0,37,37,9,10,95.8,1,0,0,1,0,43,15.5,-4.06,Dropout,91.4,7.8,0.8,91.4
2,39,1,9070,1,12,110.0,37,38,5,10,130.0,0,1,0,1,1,46,15.5,-4.06,Dropout,91.1,5.3,3.6,91.1
1,39,1,9500,1,1,100.0,19,1,1,90,114.0,1,1,0,0,0,31,7.6,0.32,Dropout,91.1,8.2,0.8,91.1
1,44,1,9130,1,39,160.0,1,37,3,3,160.0,1,1,0,0,0,36,12.4,1.79,Dropout,90.3,7.1,2.6,90.3
4,39,1,9500,1,19,133.1,37,37,6,6,117.8,0,1,0,0,0,46,11.1,2.02,Dropout,90.2,7.6,2.2,90.2
1,42,1,9147,1,1,135.0,19,1,4,4,120.0,0,0,0,1,0,25,15.5,-4.06,Dropout,90.0,9.0,0.9,90.0
1,43,1,9670,1,6,170.0,34,34,0,0,111.6,0,0,1,1,0,35,9.4,-3.12,Dropout,89.9,1.5,8.6,89.9
1,1,1,9853,1,1,125.0,37,37,9,9,114.9,1,1,0,0,0,21,15.5,-4.06,Dropout,89.9,9.3,0.7,89.9
1,1,1,171,1,1,180.0,37,37,9,9,152.7,1,1,0,1,0,27,7.6,0.32,Dropout,89.8,7.9,2.3,89.8
2,39,1,8014,0,1,120.0,34,34,99,99,101.8,0,0,0,0,0,32,10.8,1.74,Dropout,89.3,7.3,3.4,89.3
1,17,5,9085,1,1,130.0,19,19,90,7,115.8,0,0,0,0,0,18,12.7,-1.7,Dropout,89.1,6.6,4.2,89.1
1,39,2,9147,1,1,130.0,19,19,5,9,121.5,0,0,0,1,0,26,10.8,1.74,Dropout,89.0,10.1,0.9,89.0
1,44,1,9130,1,39,120.0,37,37,7,8,120.0,1,1,0,0,0,19,12.4,1.79,Dropout,89.0,10.3,0.8,89.0
2,39,1,9085,1,12,133.1,1,39,5,3,140.0,1,1,0,0,0,32,13.9,0.79,Dropout,88.5,9.0,2.5,88.5
1,39,1,9003,1,1,110.0,1,1,9,4,120.0,0,1,0,1,0,27,13.9,0.79,Dropout,88.4,10.9,0.8,88.4
1,1,2,9773,1,1,130.0,38,37,5,3,122.3,1,1,0,0,0,18,13.9,0.79,Dropout,88.2,6.3,5.6,88.2
1,39,1,171,1,1,147.0,37,38,175,193,133.3,0,0,0,0,0,32,16.2,-0.92,Dropout,88.2,10.2,1.6,88.2
1,42,1,9119,1,1,120.0,19,37,9,9,113.8,0,0,0,1,0,27,15.5,-4.06,Dropout,87.8,11.7,0.5,87.8
1,7,1,8014,0,3,140.0,37,12,9,4,140.0,0,0,0,0,0,26,9.4,-3.12,Dropout,87.7,4.0,8.3,87.7
1,1,1,9085,1,1,123.0,38,19,4,90,127.2,0,1,0,1,0,20,7.6,0.32,Dropout,87.7,10.1,2.3,87.7
1,42,1,9003,1,1,160.0,19,1,9,5,107.8,1,0,0,1,0,27,15.5,-4.06,Dropout,86.9,10.0,3.1,86.9
1,39,1,9119,1,1,110.0,37,37,90,90,108.4,1,0,1,0,0,34,10.8,1.74,Dropout,86.5,11.0,2.5,86.5
1,1,1,9254,1,1,133.1,38,1,9,9,121.0,0,1,0,1,0,21,8.9,3.51,Dropout,86.2,11.9,1.9,86.2
1,39,1,9003,1,1,130.0,3,1,2,4,154.9,0,1,0,1,0,35,8.9,3.51,Dropout,85.9,12.7,1.4,85.9
1,17,1,9254,1,1,131.0,38,37,4,9,131.7,1,0,0,0,0,18,12.7,-1.7,Dropout,85.8,9.6,4.6,85.8
1,1,6,9773,1,1,141.0,30,37,7,7,128.4,1,1,0,0,0,18,7.6,0.32,Dropout,85.2,8.9,6.0,85.2
1,44,1,9130,1,39,150.0,3,1,2,8,150.0,0,0,0,1,0,22,12.7,-1.7,Dropout,85.1,12.6,2.3,85.1
1,1,1,9254,1,1,121.0,1,1,5,4,111.9,1,0,0,1,0,20,10.8,1.74,Dropout,85.1,12.2,2.7,85.1
1,39,1,9003,1,1,133.1,38,38,4,7,115.6,1,0,0,0,0,27,15.5,-4.06,Dropout,85.0,11.8,3.2,85.0
1,17,1,171,1,1,132.0,1,37,4,9,127.1,0,0,0,1,0,21,7.6,0.32,Dropout,85.0,12.0,3.0,85.0
1,18,3,9147,1,1,133.1,1,38,4,7,101.0,1,0,0,1,0,23,8.9,3.51,Dropout,84.9,13.3,1.8,84.9
1,39,1,9254,1,1,133.1,1,1,9,6,105.0,1,1,0,0,0,24,8.9,3.51,Dropout,84.4,14.8,0.8,84.4
1,39,1,9003,1,1,130.0,1,1,9,4,140.0,0,0,0,1,0,25,13.9,0.79,Dropout,84.1,12.6,3.4,84.1
1,43,1,9853,1,1,110.0,37,37,9,9,107.7,0,1,0,0,0,28,10.8,1.74,Dropout,84.1,15.4,0.5,84.1
1,43,1,9500,1,19,133.1,34,34,0,0,110.0,1,0,1,1,0,27,7.6,0.32,Dropout,84.0,2.5,13.5,84.0
1,39,1,9130,1,19,133.1,19,3,9,2,140.0,1,1,1,1,0,24,16.2,-0.92,Dropout,83.8,11.5,4.6,83.8
1,39,1,8014,0,1,133.1,37,37,9,8,121.0,0,1,0,0,0,44,8.9,3.51,Dropout,83.8,13.6,2.6,83.8
1,1,1,9130,1,1,143.0,3,3,2,10,141.3,0,1,0,0,0,23,11.1,2.02,Dropout,83.7,13.3,3.0,83.7
1,1,5,9773,1,1,131.0,1,38,9,5,132.4,1,1,0,1,0,18,11.1,2.02,Dropout,83.5,12.7,3.8,83.5
1,1,5,9147,1,1,122.0,38,38,9,9,117.5,1,1,0,0,0,22,12.7,-1.7,Dropout,83.4,15.0,1.7,83.4
1,39,1,9500,1,1,120.0,3,3,2,2,149.0,0,0,0,1,0,36,15.5,-4.06,Dropout,83.1,14.1,2.8,83.1
1,43,1,9991,0,1,100.0,3,19,1,1,117.9,0,0,0,1,0,40,10.8,1.74,Dropout,83.0,15.4,1.6,83.0
1,17,1,9773,1,1,127.0,1,33,3,3,129.8,0,0,0,1,0,20,10.8,1.74,Dropout,82.8,10.2,7.0,82.8
1,17,6,9147,1,1,118.0,37,1,9,7,117.0,1,0,0,1,0,23,9.4,-3.12,Dropout,82.6,15.2,2.2,82.6
1,1,5,9070,1,1,122.0,37,37,9,9,124.8,1,0,0,1,0,19,10.8,1.74,Dropout,82.1,11.3,6.6,82.1
1,1,1,9130,1,1,148.0,1,1,9,9,141.7,0,0,0,1,0,18,8.9,3.51,Dropout,82.1,11.0,6.9,82.1
1,39,1,9003,1,1,130.0,19,19,9,5,100.0,0,0,0,1,0,29,13.9,0.79,Dropout,82.0,16.0,1.9,82.0
2,39,1,8014,0,19,133.1,34,34,0,0,130.0,0,0,1,1,0,38,9.4,-3.12,Dropout,81.9,1.0,17.2,81.9
1,1,1,171,1,1,168.0,38,37,9,8,155.1,1,1,0,1,1,18,12.7,-1.7,Dropout,81.7,10.1,8.3,81.7
2,39,1,9991,0,1,148.0,19,37,9,5,130.9,0,0,0,1,0,28,12.4,1.79,Dropout,81.2,16.0,2.7,81.2
4,1,1,9991,0,1,130.0,37,37,9,9,118.1,0,1,0,0,0,37,12.7,-1.7,Dropout,81.1,17.0,1.9,81.1
4,39,1,9853,1,1,143.0,37,1,9,10,140.0,0,1,0,0,0,31,8.9,3.51,Dropout,80.9,18.4,0.7,80.9
2,43,1,9670,1,1,120.0,34,34,0,0,128.2,0,0,1,1,0,35,9.4,-3.12,Dropout,80.5,3.8,15.7,80.5
2,39,1,8014,0,1,150.0,37,37,9,9,140.0,0,0,0,1,0,35,9.4,-3.12,Dropout,80.4,12.6,7.0,80.4
1,17,3,9254,1,1,122.0,1,1,4,4,126.6,0,0,0,0,0,18,10.8,1.74,Dropout,79.9,15.9,4.2,79.9
1,1,1,9773,1,1,124.0,1,1,3,5,118.1,1,1,0,0,0,19,16.2,-0.92,Dropout,79.8,16.8,3.4,79.8
1,39,1,9238,1,19,133.1,37,37,9,9,120.0,0,1,1,0,0,40,16.2,-0.92,Dropout,79.7,8.8,11.5,79.7
1,1,5,9070,1,1,117.0,19,37,5,5,131.0,1,1,0,1,0,21,9.4,-3.12,Dropout,79.5,18.2,2.4,79.5
1,43,1,9556,1,1,140.0,37,37,9,9,128.0,1,0,0,0,0,32,10.8,1.74,Dropout,79.2,16.9,3.9,79.2
1,1,1,9773,1,1,120.0,19,37,9,9,118.3,0,1,0,1,1,18,13.9,0.79,Dropout,78.9,13.7,7.4,78.9
5,39,1,9147,1,1,133.1,1,19,4,7,114.0,0,0,0,1,0,29,8.9,3.51,Dropout,78.7,19.4,1.9,78.7
1,43,1,9238,1,1,143.0,1,37,5,9,126.6,0,1,0,0,0,21,9.4,-3.12,Dropout,78.2,18.7,3.1,78.2
2,39,2,8014,0,1,100.0,34,34,0,0,100.0,1,0,1,0,0,41,7.6,0.32,Dropout,78.0,2.6,19.5,78.0
1,43,5,9238,1,1,101.0,37,19,9,7,119.9,1,1,0,0,0,22,9.4,-3.12,Dropout,77.7,19.8,2.5,77.7
1,44,1,9119,1,1,130.0,37,12,9,8,129.4,1,1,0,1,0,23,13.9,0.79,Dropout,77.4,22.2,0.4,77.4
1,1,2,9254,1,1,112.0,37,37,6,6,106.1,1,0,0,0,0,20,11.1,2.02,Dropout,76.9,15.5,7.7,76.9
1,39,2,8014,0,1,100.0,35,37,90,90,100.0,0,0,1,0,0,41,7.6,0.32,Dropout,76.8,6.5,16.8,76.8
1,17,1,9130,1,1,131.0,12,12,2,8,128.2,1,0,1,1,0,18,12.4,1.79,Dropout,75.7,10.3,14.0,75.7
1,18,1,9085,1,1,106.0,1,19,3,5,104.6,0,0,0,1,0,21,11.1,2.02,Dropout,75.7,20.5,3.8,75.7
1,43,2,8014,0,3,130.0,34,34,0,0,130.0,0,0,1,1,0,31,7.6,0.32,Dropout,75.5,1.0,23.5,75.5
1,1,1,9254,1,1,127.0,19,19,4,6,120.7,0,1,0,0,0,22,10.8,1.74,Dropout,74.9,21.6,3.5,74.9
1,1,5,9147,1,1,132.0,39,39,3,3,127.8,1,0,0,1,0,18,11.1,2.02,Dropout,74.8,22.5,2.7,74.8
1,7,1,9500,1,3,140.0,34,34,0,0,140.0,0,0,1,0,0,28,7.6,0.32,Dropout,74.6,0.8,24.6,74.6
1,39,1,9500,1,1,130.0,19,19,3,7,129.0,0,1,0,0,0,26,12.4,1.79,Dropout,74.5,22.8,2.7,74.5
1,1,1,9670,1,1,123.0,37,38,9,9,113.9,1,1,0,0,0,18,10.8,1.74,Dropout,74.2,21.8,4.1,74.2
2,39,2,9556,1,12,133.1,34,34,99,99,100.5,0,0,1,0,0,39,11.1,2.02,Dropout,74.2,10.5,15.3,74.2
2,43,1,9991,0,1,150.0,38,19,3,3,120.1,0,0,0,0,0,39,10.8,1.74,Dropout,74.1,18.4,7.4,74.1
1,39,1,9003,1,19,133.1,19,37,1,1,140.0,0,1,1,1,0,24,16.2,-0.92,Dropout,73.8,14.8,11.4,73.8
1,39,1,9556,1,19,133.1,37,37,9,10,100.0,0,0,1,1,0,31,15.5,-4.06,Dropout,73.5,19.7,6.8,73.5
1,1,1,9773,1,1,140.0,3,2,4,6,133.4,1,0,0,1,0,29,11.1,2.02,Dropout,73.2,20.2,6.6,73.2
1,44,1,9119,1,39,130.0,19,3,3,4,130.0,0,1,0,1,0,23,15.5,-4.06,Dropout,73.1,26.7,0.2,73.1
1,7,1,9670,1,3,110.0,27,37,3,3,110.0,1,0,1,1,0,27,9.4,-3.12,Dropout,72.3,12.0,15.7,72.3
1,7,1,9119,1,4,180.0,4,3,2,7,180.0,0,1,1,1,0,30,13.9,0.79,Dropout,71.8,20.4,7.8,71.8
1,7,1,9085,1,3,120.0,37,37,7,7,120.0,0,0,1,0,0,32,15.5,-4.06,Dropout,71.7,11.4,16.9,71.7
2,43,1,9003,1,1,149.0,1,1,4,5,156.1,1,0,0,1,0,29,15.5,-4.06,Dropout,71.3,19.2,9.5,71.3
1,17,6,9119,1,1,129.0,37,13,4,90,117.1,1,0,1,1,0,19,7.6,0.32,Dropout,71.1,21.4,7.5,71.1
1,1,3,9773,1,1,161.0,37,37,9,9,137.9,0,1,0,0,1,20,10.8,1.74,Dropout,70.9,12.9,16.2,70.9
2,7,1,171,1,3,120.0,19,19,9,9,130.0,1,0,1,1,0,37,7.6,0.32,Dropout,70.7,9.7,19.6,70.7
4,39,1,9130,1,1,140.0,37,37,6,7,150.0,1,0,1,1,0,34,16.2,-0.92,Dropout,70.4,14.8,14.9,70.4
1,1,5,9500,1,1,141.0,38,19,7,7,132.5,1,0,0,0,0,19,12.7,-1.7,Dropout,70.2,14.5,15.3,70.2
1,7,1,9147,1,3,130.0,38,38,1,9,130.0,0,0,1,0,0,27,10.8,1.74,Dropout,68.5,14.4,17.2,68.5
1,7,1,9991,0,3,140.0,37,37,9,9,140.0,0,0,1,1,0,27,7.6,0.32,Dropout,68.0,13.2,18.9,68.0
1,17,1,9070,1,1,122.0,1,1,4,8,123.8,1,1,0,0,1,18,12.7,-1.7,Dropout,68.0,23.6,8.4,68.0
1,39,1,9085,1,1,133.1,37,36,90,7,128.2,0,0,1,1,0,28,7.6,0.32,Dropout,67.9,18.7,13.4,67.9
1,43,1,9085,1,1,130.0,19,38,4,9,130.0,1,0,0,0,0,19,13.9,0.79,Dropout,67.3,27.3,5.4,67.3
1,1,1,171,1,1,152.0,1,38,4,9,160.4,1,0,0,0,0,19,7.6,0.32,Dropout,67.3,18.6,14.1,67.3
1,39,1,9773,1,12,120.0,1,1,9,9,129.8,1,0,1,1,0,52,9.4,-3.12,Dropout,67.2,16.5,16.4,67.2
1,7,1,9130,1,3,140.0,19,38,9,9,140.0,1,0,1,0,0,23,12.4,1.79,Dropout,66.7,7.0,26.4,66.7
1,17,3,9254,1,1,127.0,12,38,5,7,116.9,1,1,1,0,0,18,12.4,1.79,Dropout,66.4,22.7,10.9,66.4
1,1,1,9070,1,1,125.0,1,1,4,4,132.0,0,0,0,0,0,18,13.9,0.79,Dropout,66.3,22.3,11.4,66.3
4,43,1,8014,0,12,133.1,34,34,0,0,106.0,1,0,1,0,0,48,7.6,0.32,Dropout,66.2,3.3,30.5,66.2
1,44,1,9003,1,1,140.0,1,19,3,9,140.0,1,1,0,0,0,23,12.4,1.79,Dropout,65.8,29.2,5.0,65.8
1,1,2,9070,1,1,134.0,1,19,3,3,127.7,1,0,0,0,0,18,13.9,0.79,Dropout,65.4,16.6,18.1,65.4
1,1,5,9670,1,1,116.0,19,38,9,9,119.5,1,0,0,0,0,18,8.9,3.51,Dropout,64.7,23.0,12.4,64.7
1,39,1,9991,0,19,133.1,37,37,9,6,105.3,0,1,1,0,0,28,12.4,1.79,Dropout,64.5,28.3,7.3,64.5
1,18,2,9853,1,1,168.0,1,19,3,9,126.8,1,0,1,1,0,18,10.8,1.74,Dropout,63.3,19.8,17.0,63.3
1,43,1,9991,0,12,133.1,12,12,9,9,120.0,0,0,1,1,0,28,10.8,1.74,Dropout,63.1,18.3,18.7,63.1
1,53,1,171,1,42,130.0,1,19,9,9,130.0,1,0,0,1,1,22,8.9,3.51,Dropout,62.8,18.2,19.0,62.8
1,43,1,9238,1,1,110.0,14,14,90,90,112.5,1,0,1,0,0,20,7.6,0.32,Dropout,62.6,9.4,27.9,62.6
1,1,1,171,1,1,127.0,1,1,4,3,126.3,1,1,1,1,0,21,16.2,-0.92,Dropout,62.0,22.8,15.2,62.0
2,7,1,9147,1,3,130.0,1,4,3,10,130.0,0,0,1,0,0,45,12.4,1.79,Dropout,61.9,11.4,26.7,61.9
1,7,1,9003,1,4,120.0,3,1,2,4,120.0,1,0,1,0,0,31,15.5,-4.06,Dropout,61.6,18.1,20.3,61.6
2,1,1,9238,1,1,145.0,37,34,9,7,139.4,0,0,0,0,0,27,9.4,-3.12,Dropout,60.8,14.5,24.7,60.8
2,39,1,9119,1,1,110.0,19,19,0,5,137.0,0,1,1,1,0,30,7.6,0.32,Dropout,60.5,37.6,1.9,60.5
2,42,1,9147,1,1,100.0,37,37,9,9,100.0,1,0,1,0,0,54,15.5,-4.06,Dropout,60.3,25.6,14.0,60.3
2,39,2,9147,1,3,130.0,3,37,9,9,103.4,0,0,1,0,0,30,12.7,-1.7,Dropout,60.3,23.2,16.5,60.3
1,39,1,9070,1,1,140.0,37,37,9,10,118.0,0,1,1,1,1,45,16.2,-0.92,Dropout,60.3,25.8,13.9,60.3
1,39,1,9500,1,19,133.1,1,5,4,3,100.0,0,0,1,0,0,24,12.7,-1.7,Dropout,60.2,15.3,24.5,60.2
1,39,1,9003,1,19,133.1,1,19,4,10,114.0,0,0,1,1,0,29,15.5,-4.06,Dropout,59.8,23.1,17.1,59.8
2,7,1,9254,1,3,130.0,1,3,4,3,130.0,0,0,1,0,0,39,12.4,1.79,Dropout,59.6,5.2,35.2,59.6
2,39,1,9147,1,19,133.1,37,19,9,3,128.0,0,0,1,1,0,49,8.9,3.51,Dropout,58.7,21.0,20.3,58.7
1,17,1,9773,1,1,117.0,38,38,9,9,111.1,0,1,1,1,0,19,16.2,-0.92,Dropout,58.7,27.3,14.0,58.7
2,43,1,9853,1,1,110.0,37,37,7,7,100.0,0,0,1,1,0,40,13.9,0.79,Dropout,58.4,35.4,6.1,58.4
5,39,1,9853,1,19,133.1,37,37,9,8,118.0,0,0,1,0,0,27,12.4,1.79,Dropout,58.3,24.1,17.6,58.3
1,43,2,9500,1,1,120.0,37,34,90,0,121.5,0,1,1,0,0,22,7.6,0.32,Dropout,58.0,19.5,22.5,58.0
1,51,1,9991,0,1,120.0,38,3,5,3,128.2,0,1,1,1,0,24,12.4,1.79,Dropout,58.0,25.3,16.8,58.0
5,42,1,9254,1,2,120.0,37,37,4,9,120.0,0,0,1,0,0,32,10.8,1.74,Dropout,57.8,8.9,33.3,57.8
1,18,5,9853,1,1,110.0,19,37,7,7,110.0,1,0,1,0,0,20,10.8,1.74,Dropout,57.6,28.0,14.4,57.6
2,39,1,9991,0,1,140.0,37,37,9,9,118.2,0,0,1,1,0,52,7.6,0.32,Dropout,56.8,31.4,11.8,56.8
1,1,1,9070,1,1,136.0,3,3,9,9,136.0,1,1,0,0,1,19,10.8,1.74,Dropout,56.5,26.0,17.5,56.5
1,7,1,9238,1,40,130.0,37,37,5,5,130.0,0,0,1,1,0,37,15.5,-4.06,Dropout,56.4,12.5,31.1,56.4
1,39,1,9003,1,19,133.1,4,1,2,4,120.0,0,0,1,1,0,25,16.2,-0.92,Dropout,56.3,23.6,20.1,56.3
1,17,4,9773,1,1,137.0,1,1,5,5,125.8,0,1,1,1,0,20,12.7,-1.7,Dropout,56.2,23.4,20.3,56.2
1,39,1,9991,0,3,130.0,37,37,9,9,146.2,0,0,1,0,0,28,10.8,1.74,Dropout,55.5,15.7,28.8,55.5
1,39,1,9991,0,1,133.1,37,1,5,4,151.2,0,0,1,1,0,25,12.4,1.79,Dropout,54.8,30.7,14.5,54.8
1,1,6,9500,1,1,136.0,1,1,4,5,123.3,0,0,0,0,0,18,9.4,-3.12,Dropout,54.8,26.5,18.7,54.8
2,39,2,9147,1,1,133.1,37,37,5,7,110.0,0,0,1,1,0,43,9.4,-3.12,Dropout,54.4,38.0,7.6,54.4
1,7,1,9500,1,3,130.0,37,37,7,7,130.0,1,0,1,0,0,27,12.7,-1.7,Dropout,53.2,12.0,34.8,53.2
1,39,1,9991,0,1,150.0,1,19,4,8,123.0,0,0,1,1,0,27,12.7,-1.7,Dropout,53.0,37.2,9.8,53.0
1,1,1,9238,1,1,132.0,34,34,0,0,119.1,1,0,1,0,0,18,7.6,0.32,Dropout,52.3,3.1,44.6,52.3
2,39,1,9147,1,1,160.0,37,37,9,7,110.0,0,0,1,1,0,30,15.5,-4.06,Dropout,51.5,40.2,8.3,51.5
1,39,1,9991,0,1,133.1,3,38,2,7,121.7,0,0,1,1,0,31,13.9,0.79,Dropout,50.5,39.9,9.6,50.5
2,39,1,9003,1,1,150.0,37,37,9,6,140.0,0,0,1,1,0,60,15.5,-4.06,Dropout,50.5,19.0,30.5,50.5
1,1,1,9670,1,1,116.0,38,19,0,2,116.7,1,0,1,1,0,21,9.4,-3.12,Dropout,50.0,25.0,24.9,50.0
1,39,1,9991,0,1,130.0,37,37,9,9,120.2,1,0,1,1,0,30,7.6,0.32,Dropout,49.8,41.8,8.4,49.8
2,39,1,9119,1,1,120.0,37,38,9,10,145.4,0,1,1,1,0,40,16.2,-0.92,Dropout,49.3,47.5,3.2,49.3
1,1,5,171,1,1,160.0,1,1,4,4,139.7,0,0,1,1,0,18,12.7,-1.7,Dropout,49.2,22.6,28.1,49.2
1,1,5,9853,1,1,123.0,1,12,4,9,113.2,1,0,1,0,0,20,10.8,1.74,Dropout,49.1,27.0,23.9,49.1
1,1,1,9670,1,1,133.1,34,38,0,4,147.0,0,0,1,0,0,22,9.4,-3.12,Dropout,48.8,10.8,40.4,48.8
1,17,4,9670,1,1,125.0,1,1,4,90,125.4,1,0,1,1,0,19,7.6,0.32,Dropout,48.7,15.6,35.7,48.7
1,7,1,9119,1,40,130.0,1,1,4,4,130.0,0,0,1,1,0,27,11.1,2.02,Dropout,48.6,44.5,6.9,48.6
2,39,1,9556,1,1,100.0,37,37,9,9,120.0,0,0,1,0,0,47,12.7,-1.7,Dropout,48.3,32.7,19.0,48.3
1,17,2,9254,1,1,130.0,37,37,5,7,123.4,1,0,1,1,0,30,7.6,0.32,Dropout,48.1,29.5,22.4,48.1
2,39,2,8014,0,19,100.0,37,37,4,7,100.0,0,1,1,0,0,37,7.6,0.32,Dropout,47.9,31.1,21.0,47.9
1,17,1,9853,1,1,127.0,38,37,5,7,121.8,1,1,1,0,0,18,10.8,1.74,Dropout,47.8,42.2,10.0,47.8
1,1,1,9130,1,1,164.0,34,1,0,0,163.0,0,0,1,0,0,18,7.6,0.32,Graduate,47.8,2.9,49.3,47.8
1,39,1,9254,1,1,170.0,37,37,4,6,138.3,0,0,1,0,0,33,10.8,1.74,Dropout,47.8,28.4,23.8,47.8
1,18,1,9119,1,1,108.0,1,1,4,3,105.6,1,0,1,1,0,20,12.4,1.79,Dropout,47.5,43.9,8.7,47.5
1,17,6,9254,1,1,125.0,1,1,4,3,120.5,1,0,1,1,0,18,11.1,2.02,Dropout,47.5,17.1,35.4,47.5
1,39,1,9085,1,1,133.1,37,37,9,9,148.2,1,1,1,0,0,27,12.4,1.79,Dropout,46.8,39.2,14.0,46.8
2,39,1,9556,1,19,133.1,37,38,9,9,123.0,0,0,1,0,0,31,12.4,1.79,Dropout,46.7,20.7,32.6,46.7
2,39,1,9991,0,1,150.0,37,37,9,7,122.5,0,0,1,1,0,47,7.6,0.32,Dropout,46.4,38.9,14.7,46.4
1,1,1,171,1,1,116.0,38,1,5,1,111.1,0,0,1,1,0,21,13.9,0.79,Dropout,46.3,24.8,28.9,46.3
1,43,1,9130,1,1,120.0,1,19,9,9,120.0,1,0,1,0,0,21,15.5,-4.06,Dropout,46.1,36.7,17.2,46.1
1,7,1,9991,0,40,150.0,37,37,6,6,150.0,1,0,1,1,0,44,8.9,3.51,Dropout,46.1,16.5,37.3,46.1
2,39,1,8014,0,19,133.1,37,37,9,6,107.0,0,0,1,1,0,41,12.7,-1.7,Dropout,46.1,19.3,34.6,46.1
1,39,1,9003,1,1,140.0,1,3,4,5,130.0,0,0,1,1,0,25,16.2,-0.92,Dropout,45.9,34.0,20.1,45.9
1,1,5,9254,1,1,101.0,3,19,3,9,98.9,1,0,1,1,0,20,12.4,1.79,Dropout,45.8,34.6,19.6,45.8
1,7,1,9500,1,3,130.0,37,38,7,7,130.0,1,0,1,0,0,27,9.4,-3.12,Dropout,45.7,18.3,36.0,45.7
2,39,1,9991,0,1,130.0,37,37,9,9,140.0,1,0,1,1,0,31,9.4,-3.12,Dropout,45.0,39.5,15.5,45.0
1,42,1,9500,1,1,100.0,19,19,9,9,100.0,0,1,1,1,0,24,12.7,-1.7,Dropout,44.8,43.6,11.7,44.8
1,53,1,9085,1,42,140.0,1,1,5,5,143.3,1,0,0,0,0,23,8.9,3.51,Dropout,44.5,36.7,18.8,44.5
1,43,2,9670,1,1,135.0,3,19,1,7,123.5,1,0,1,1,0,22,16.2,-0.92,Dropout,44.5,36.2,19.3,44.5
1,17,6,9254,1,1,108.0,1,19,4,5,112.2,1,0,1,1,0,19,9.4,-3.12,Dropout,44.3,36.0,19.7,44.3
1,17,1,9254,1,1,118.0,11,34,5,0,122.2,1,0,1,0,0,22,7.6,0.32,Dropout,44.3,19.1,36.6,44.3
1,1,3,9773,1,1,135.0,3,1,2,4,129.8,1,0,1,1,0,20,15.5,-4.06,Dropout,44.2,31.8,24.0,44.2
1,17,1,9238,1,1,128.0,19,1,0,5,122.1,1,0,1,0,0,18,13.9,0.79,Dropout,43.9,13.5,42.6,43.9
1,39,1,9003,1,19,133.1,37,19,9,7,134.3,0,0,1,1,0,25,12.4,1.79,Dropout,43.9,22.5,33.6,43.9
2,39,1,9991,0,1,120.0,37,3,9,3,168.2,0,0,1,1,0,45,12.4,1.79,Dropout,43.9,20.3,35.8,43.9
1,43,1,9147,1,1,140.0,37,37,6,6,122.9,0,0,1,0,0,55,16.2,-0.92,Dropout,43.8,38.4,17.9,43.8
1,42,1,9254,1,1,154.0,38,37,1,1,154.0,1,0,1,0,0,28,9.4,-3.12,Dropout,43.6,18.7,37.7,43.6
1,39,1,9991,0,1,139.0,1,1,4,10,140.7,0,0,1,1,0,25,12.4,1.79,Dropout,43.4,41.7,14.9,43.4
1,51,1,9670,1,19,133.1,2,1,3,10,120.0,0,1,1,1,0,32,11.1,2.02,Dropout,43.1,36.3,20.6,43.1
1,44,1,171,1,39,140.0,3,3,2,2,140.0,0,1,1,1,0,20,15.5,-4.06,Enrolled,43.0,51.5,5.5,43.0
1,1,2,9147,1,1,128.0,3,1,3,3,121.0,1,1,1,1,0,20,16.2,-0.92,Enrolled,43.0,45.5,11.5,43.0
2,39,1,9991,0,3,130.0,3,1,1,10,160.0,0,0,1,0,0,30,12.7,-1.7,Dropout,43.0,19.3,37.6,43.0
2,39,1,9991,0,1,120.0,37,19,5,3,156.0,1,0,1,1,0,33,10.8,1.74,Dropout,42.9,23.8,33.4,42.9
1,18,3,9853,1,1,122.0,38,37,9,5,120.3,1,0,1,0,0,19,10.8,1.74,Dropout,42.7,36.9,20.4,42.7
2,39,2,9147,1,1,140.0,37,37,9,8,108.0,0,0,1,0,0,50,9.4,-3.12,Enrolled,42.7,47.1,10.2,42.7
2,42,1,9556,1,1,110.0,37,37,9,6,140.0,0,0,1,1,0,43,16.2,-0.92,Dropout,42.7,17.2,40.0,42.7
1,18,4,9254,1,1,106.0,19,37,7,7,106.0,1,0,1,1,1,21,9.4,-3.12,Dropout,42.6,20.6,36.8,42.6
1,17,2,171,1,1,130.0,1,1,2,3,148.6,1,0,1,1,0,20,11.1,2.02,Dropout,42.5,21.0,36.5,42.5
1,17,1,9853,1,1,146.0,1,1,3,4,128.2,0,1,1,0,0,18,12.7,-1.7,Enrolled,42.5,50.9,6.5,42.5
1,39,1,9147,1,19,133.1,3,1,3,5,153.2,1,1,1,0,0,24,12.4,1.79,Enrolled,42.4,48.1,9.5,42.4
2,39,1,8014,0,9,133.1,37,37,8,10,100.0,1,0,1,0,0,37,9.4,-3.12,Dropout,42.4,36.8,20.9,42.4
1,51,1,9991,0,1,134.0,1,1,5,3,120.6,1,0,1,1,0,27,11.1,2.02,Dropout,42.3,27.0,30.7,42.3
1,43,2,9147,1,1,126.0,1,19,3,3,100.0,1,0,1,1,0,22,16.2,-0.92,Enrolled,42.1,48.6,9.4,42.1
1,1,1,9773,1,1,116.0,37,37,0,5,114.3,1,0,1,0,0,20,7.6,0.32,Dropout,41.7,22.8,35.5,41.7
2,39,1,9991,0,1,120.0,37,37,9,9,133.2,1,0,1,1,0,32,7.6,0.32,Enrolled,41.7,42.6,15.7,41.7
1,1,1,9853,1,1,133.0,37,19,7,7,126.7,1,0,1,0,0,18,15.5,-4.06,Dropout,41.5,40.2,18.3,41.5
1,1,1,9238,1,1,123.0,34,38,0,7,120.2,1,0,1,0,0,20,7.6,0.32,Graduate,41.2,9.0,49.8,41.2
2,39,1,9147,1,1,100.0,37,37,9,5,170.0,0,0,1,1,0,45,15.5,-4.06,Enrolled,41.2,41.5,17.3,41.2
1,39,1,9991,0,1,150.0,37,37,9,7,150.0,0,0,1,0,0,27,15.5,-4.06,Dropout,41.1,36.6,22.3,41.1
1,17,2,9853,1,1,138.0,1,1,9,4,123.0,1,0,1,0,0,23,10.8,1.74,Enrolled,40.8,41.5,17.8,40.8
1,39,1,9500,1,19,133.1,38,38,9,8,106.0,1,0,1,1,0,24,7.6,0.32,Dropout,40.5,38.5,21.0,40.5
1,43,1,9670,1,1,151.0,19,19,1,1,100.0,0,1,1,0,0,20,13.9,0.79,Enrolled,40.4,50.0,9.6,40.4
1,1,1,9670,1,1,130.0,37,37,0,0,117.8,1,0,1,0,0,21,7.6,0.32,Graduate,40.3,12.7,46.9,40.3
1,39,1,9670,1,1,100.0,1,1,4,4,120.0,0,0,1,1,0,26,9.4,-3.12,Enrolled,40.3,51.7,8.1,40.3
1,39,1,9670,1,1,133.1,19,19,3,9,118.0,0,0,1,1,0,27,8.9,3.51,Enrolled,39.8,45.8,14.4,39.8
1,17,1,9130,1,1,137.0,38,19,5,7,130.0,1,0,1,0,0,21,12.4,1.79,Graduate,39.7,20.2,40.1,39.7
1,17,1,171,1,1,145.0,4,4,3,3,143.6,0,1,1,1,0,19,8.9,3.51,Dropout,39.6,29.9,30.5,39.6
1,39,1,9003,1,1,140.0,3,1,5,9,130.0,0,0,1,1,0,27,11.1,2.02,Dropout,39.6,35.0,25.4,39.6
2,39,1,9238,1,19,133.1,37,37,9,9,130.0,1,0,1,0,0,31,9.4,-3.12,Graduate,39.4,17.3,43.2,39.4
2,39,1,9991,0,1,133.1,37,19,9,10,150.0,0,0,1,1,0,47,9.4,-3.12,Enrolled,39.4,41.8,18.8,39.4
1,17,4,171,1,1,172.0,3,1,2,10,155.6,1,0,1,1,0,19,9.4,-3.12,Dropout,39.3,26.2,34.5,39.3
1,18,3,9119,1,1,111.0,1,19,9,8,111.0,1,0,1,1,0,18,12.4,1.79,Enrolled,39.3,53.3,7.4,39.3
1,1,1,9773,1,1,138.0,1,19,4,4,131.7,1,0,1,1,0,18,15.5,-4.06,Dropout,39.2,27.9,32.9,39.2
5,7,1,9147,1,40,110.0,37,37,9,9,110.0,0,0,1,0,0,23,15.5,-4.06,Dropout,39.2,36.9,23.9,39.2
1,7,1,9991,0,40,130.0,1,3,4,2,130.0,0,0,1,1,0,27,8.9,3.51,Dropout,39.2,37.0,23.8,39.2
1,39,1,8014,0,19,133.1,37,37,9,5,135.5,0,0,1,0,0,58,11.1,2.02,Graduate,39.0,16.2,44.8,39.0
2,39,1,9003,1,1,140.0,37,37,9,6,104.8,0,0,1,0,0,46,15.5,-4.06,Dropout,39.0,32.6,28.4,39.0
2,39,2,9670,1,1,100.0,37,37,9,9,100.0,0,0,1,0,0,35,9.4,-3.12,Enrolled,38.8,43.8,17.5,38.8
2,39,1,9991,0,1,162.0,37,37,9,6,132.0,0,1,1,1,0,25,7.6,0.32,Enrolled,38.8,51.9,9.3,38.8
1,1,1,9773,1,1,159.0,34,26,0,6,160.1,1,0,1,0,0,18,7.6,0.32,Graduate,38.8,5.1,56.1,38.8
1,39,1,9119,1,1,150.0,3,3,4,4,150.0,1,0,1,1,0,27,8.9,3.51,Enrolled,38.7,56.8,4.5,38.7
1,17,2,9556,1,1,137.0,1,1,7,7,124.4,1,0,1,0,0,20,15.5,-4.06,Dropout,38.6,33.7,27.7,38.6
1,39,1,9003,1,1,100.0,37,37,9,5,110.0,0,0,1,0,0,41,15.5,-4.06,Enrolled,38.5,44.8,16.7,38.5
1,39,1,9500,1,3,130.0,2,2,1,1,130.0,0,0,1,0,0,29,12.7,-1.7,Dropout,38.5,30.8,30.7,38.5
1,39,1,9500,1,4,150.0,3,38,3,7,127.0,1,0,1,1,0,26,11.1,2.02,Dropout,38.3,29.5,32.2,38.3
1,1,1,9238,1,1,133.1,19,37,9,9,130.0,0,0,0,0,1,20,10.8,1.74,Graduate,38.3,16.8,45.0,38.3
1,1,1,171,1,1,137.0,1,38,4,5,130.4,1,0,1,1,0,19,15.5,-4.06,Dropout,38.3,36.4,25.3,38.3
1,39,1,9991,0,1,120.0,38,38,3,3,140.0,0,0,1,0,0,25,15.5,-4.06,Enrolled,38.1,38.2,23.6,38.1
4,39,1,9991,0,1,133.1,37,37,9,9,130.4,0,0,1,0,0,30,12.7,-1.7,Enrolled,37.7,47.6,14.7,37.7
1,43,1,9119,1,1,140.0,37,38,5,7,146.5,0,0,1,1,0,39,13.9,0.79,Enrolled,37.7,53.9,8.3,37.7
1,43,1,9130,1,1,150.0,3,3,3,4,150.0,1,0,1,0,0,21,13.9,0.79,Dropout,37.6,37.1,25.3,37.6
1,17,1,9254,1,1,121.0,1,1,4,4,123.1,1,0,1,1,0,21,7.6,0.32,Enrolled,37.6,46.7,15.8,37.6
1,1,1,9130,1,1,117.0,1,1,9,9,109.3,1,0,1,0,0,20,12.7,-1.7,Dropout,37.6,34.8,27.6,37.6
1,39,1,9991,0,1,120.0,38,1,9,4,123.2,0,0,1,0,0,27,10.8,1.74,Enrolled,37.5,48.6,13.9,37.5
1,44,1,9130,1,39,120.0,3,1,2,4,120.0,1,0,1,0,0,20,12.4,1.79,Enrolled,37.4,49.0,13.6,37.4
1,17,2,9773,1,1,131.0,3,19,2,3,132.8,1,0,1,1,0,19,13.9,0.79,Graduate,37.3,19.5,43.2,37.3
1,1,1,9130,1,1,138.0,4,5,2,2,123.0,1,0,1,0,0,21,12.7,-1.7,Dropout,37.3,29.2,33.5,37.3
1,1,1,9130,1,1,140.0,9,19,4,4,131.2,0,0,1,1,1,26,7.6,0.32,Graduate,37.2,17.1,45.7,37.2
1,39,1,9119,1,1,130.0,37,3,9,3,137.0,1,0,1,1,0,28,7.6,0.32,Enrolled,36.9,58.3,4.8,36.9
1,39,1,9500,1,19,133.1,38,37,9,9,133.0,0,0,1,0,0,24,13.9,0.79,Graduate,36.8,18.8,44.4,36.8
1,17,4,9119,1,1,135.0,38,37,5,7,126.6,1,0,1,1,0,18,7.6,0.32,Enrolled,36.8,50.1,13.1,36.8
1,17,3,9853,1,1,138.0,37,37,5,9,125.1,1,0,1,0,1,19,12.7,-1.7,Dropout,36.7,27.4,35.9,36.7
1,39,1,9991,0,1,120.0,37,37,9,9,111.1,0,0,1,0,0,31,7.6,0.32,Enrolled,36.5,52.6,10.9,36.5
1,17,1,9853,1,1,108.0,19,1,5,5,107.3,0,0,1,0,0,20,15.5,-4.06,Enrolled,36.4,53.1,10.5,36.4
1,1,1,171,1,1,137.0,1,3,3,7,146.5,1,1,1,1,0,19,8.9,3.51,Enrolled,36.3,43.8,19.9,36.3
1,39,1,9500,1,1,130.0,1,1,4,9,150.0,0,0,1,1,0,24,12.7,-1.7,Dropout,36.1,35.7,28.2,36.1
1,1,3,9085,1,1,142.0,11,11,90,90,155.3,0,0,1,0,0,19,7.6,0.32,Graduate,36.1,6.6,57.3,36.1
1,1,1,9085,1,1,122.0,9,19,90,6,103.4,0,0,1,0,0,19,7.6,0.32,Dropout,36.1,27.9,36.0,36.1
1,1,5,9773,1,1,125.0,37,3,5,2,126.1,1,0,1,1,0,22,9.4,-3.12,Dropout,36.0,31.6,32.4,36.0
1,17,2,9853,1,1,123.0,1,1,3,9,116.7,1,0,1,0,0,19,9.4,-3.12,Enrolled,35.8,51.5,12.7,35.8
4,39,1,9003,1,1,133.1,19,19,9,4,100.7,0,0,1,0,0,39,15.5,-4.06,Enrolled,35.8,51.3,12.9,35.8
2,43,1,8014,0,1,133.1,34,34,0,0,100.0,0,0,1,0,1,35,9.4,-3.12,Graduate,35.8,3.9,60.3,35.8
1,1,6,9147,1,1,142.0,38,37,7,7,134.3,0,0,1,1,0,21,10.8,1.74,Dropout,35.6,30.9,33.5,35.6
1,18,4,9556,1,1,127.0,1,38,4,7,121.8,1,0,1,0,0,20,12.7,-1.7,Graduate,35.6,18.8,45.6,35.6
1,18,4,9119,1,1,134.0,19,38,194,175,124.9,1,1,1,1,0,18,8.9,3.51,Enrolled,35.5,60.4,4.1,35.5
1,17,3,9085,1,1,121.0,38,1,9,9,111.9,1,0,1,1,0,21,10.8,1.74,Enrolled,35.5,42.2,22.3,35.5
1,17,4,9773,1,1,119.0,38,19,9,9,118.3,0,0,1,0,0,19,15.5,-4.06,Graduate,35.5,16.0,48.5,35.5
1,17,5,9085,1,1,118.0,38,38,9,9,112.4,1,0,1,0,0,19,15.5,-4.06,Dropout,35.4,33.5,31.1,35.4
1,39,1,9085,1,1,133.1,3,19,2,9,110.0,0,0,1,0,0,28,11.1,2.02,Enrolled,35.3,50.4,14.3,35.3
1,17,3,9147,1,1,120.0,19,19,4,7,115.5,1,1,1,1,0,18,10.8,1.74,Enrolled,35.3,59.4,5.3,35.3
1,39,1,9085,1,1,133.1,19,19,7,7,130.0,1,0,1,0,0,24,13.9,0.79,Enrolled,35.2,45.7,19.1,35.2
1,43,4,9670,1,1,117.0,3,3,4,4,113.2,0,0,1,1,0,21,9.4,-3.12,Enrolled,35.2,50.3,14.5,35.2
1,1,1,171,1,1,124.0,19,1,9,9,121.2,1,0,1,1,0,20,10.8,1.74,Enrolled,35.1,39.1,25.8,35.1
1,39,1,9556,1,1,120.0,19,19,4,5,122.8,0,0,1,0,0,26,13.9,0.79,Enrolled,35.0,49.0,16.0,35.0
1,17,2,9254,1,1,124.0,19,38,9,9,123.3,1,0,1,0,0,22,13.9,0.79,Graduate,34.7,30.6,34.7,34.7
1,1,1,9130,1,1,133.0,3,1,2,4,126.0,0,0,1,1,0,18,7.6,0.32,Enrolled,34.7,46.5,18.8,34.7
1,1,6,9147,1,1,115.0,1,37,4,9,117.1,1,1,1,0,0,22,7.6,0.32,Enrolled,34.6,50.8,14.6,34.6
1,43,1,9070,1,1,134.0,19,37,7,7,132.7,1,0,1,1,0,22,15.5,-4.06,Enrolled,34.4,49.1,16.5,34.4
1,18,2,9070,1,1,122.0,38,19,5,5,119.9,0,0,1,1,0,18,9.4,-3.12,Dropout,34.4,33.0,32.6,34.4
1,39,1,9991,0,1,130.0,38,38,9,9,120.0,0,0,1,0,0,27,9.4,-3.12,Enrolled,34.3,52.5,13.1,34.3
1,39,1,9119,1,1,150.0,1,38,3,5,120.0,0,0,1,1,0,24,15.5,-4.06,Enrolled,34.2,63.3,2.5,34.2
1,43,2,9119,1,1,115.0,38,19,9,6,112.2,1,1,1,1,0,18,15.5,-4.06,Enrolled,34.2,64.2,1.7,34.2
1,39,1,9853,1,1,130.0,37,19,9,5,102.5,0,0,1,0,0,27,7.6,0.32,Enrolled,34.0,60.7,5.2,34.0
1,1,1,9238,1,1,133.1,12,38,4,9,107.0,1,0,1,0,0,19,11.1,2.02,Graduate,34.0,19.9,46.1,34.0
1,1,5,9254,1,1,126.0,19,19,4,7,116.6,1,0,1,0,0,19,13.9,0.79,Graduate,33.7,29.3,37.1,33.7
1,17,3,9254,1,1,115.0,37,19,5,5,109.8,1,0,1,0,0,19,10.8,1.74,Enrolled,33.5,42.6,23.8,33.5
1,1,1,171,1,1,159.0,3,3,2,2,162.5,1,0,1,1,0,19,16.2,-0.92,Graduate,33.5,27.6,38.9,33.5
1,39,1,9991,0,1,120.0,19,38,5,5,152.4,0,0,1,1,0,27,10.8,1.74,Enrolled,33.4,49.3,17.3,33.4
1,17,1,9254,1,1,136.0,39,3,3,3,128.7,1,0,1,0,0,20,13.9,0.79,Graduate,33.4,27.0,39.6,33.4
1,39,1,9556,1,40,130.0,1,1,4,5,145.0,0,0,1,0,0,25,15.5,-4.06,Enrolled,33.3,36.9,29.8,33.3
1,51,1,9070,1,12,133.1,37,19,3,7,106.6,0,1,1,0,0,31,8.9,3.51,Enrolled,33.3,37.1,29.5,33.3
1,42,1,9085,1,1,133.1,1,9,4,4,128.2,0,0,1,0,0,24,9.4,-3.12,Enrolled,33.2,38.4,28.4,33.2
1,1,1,9147,1,1,127.0,1,4,9,10,121.8,0,0,1,1,0,19,16.2,-0.92,Enrolled,33.1,44.1,22.7,33.1
1,17,2,9119,1,1,137.0,1,1,4,4,130.4,1,1,1,1,0,18,7.6,0.32,Enrolled,33.1,64.3,2.6,33.1
4,39,1,9238,1,1,130.0,19,3,9,2,140.0,0,0,1,1,0,50,8.9,3.51,Enrolled,33.0,40.5,26.5,33.0
1,44,1,9130,1,39,130.0,38,37,4,9,130.0,1,0,1,0,1,20,16.2,-0.92,Graduate,33.0,20.8,46.2,33.0
1,1,2,9147,1,1,108.0,1,19,4,4,105.9,1,0,1,1,0,21,11.1,2.02,Enrolled,32.9,54.0,13.1,32.9
1,1,2,9147,1,1,142.0,37,38,9,9,137.5,1,0,1,1,0,19,13.9,0.79,Enrolled,32.8,37.9,29.2,32.8
1,1,1,9254,1,1,123.0,38,19,9,4,117.8,0,0,1,1,0,19,10.8,1.74,Enrolled,32.7,41.3,26.0,32.7
1,43,1,9991,0,1,140.0,37,37,9,9,135.8,1,0,1,1,0,25,9.4,-3.12,Enrolled,32.7,54.2,13.1,32.7
1,43,1,9991,0,1,120.0,19,37,3,9,100.0,0,0,1,0,0,34,13.9,0.79,Enrolled,32.7,55.4,11.9,32.7
1,1,1,171,1,3,116.0,3,3,2,2,128.2,0,0,1,0,0,22,11.1,2.02,Graduate,32.6,22.8,44.6,32.6
2,43,2,9147,1,1,133.1,37,37,9,9,109.0,1,0,1,0,0,46,9.4,-3.12,Enrolled,32.4,54.8,12.8,32.4
1,39,1,8014,0,1,133.1,37,37,9,7,129.0,0,0,1,0,0,37,16.2,-0.92,Graduate,32.4,26.7,40.9,32.4
1,1,2,9853,1,1,117.0,1,38,4,9,109.7,1,0,1,0,0,19,9.4,-3.12,Enrolled,32.3,52.1,15.6,32.3
1,39,1,9500,1,1,127.0,19,19,5,5,160.0,0,0,1,1,0,28,16.2,-0.92,Graduate,32.0,32.6,35.4,32.0
1,17,4,9254,1,1,106.0,37,19,9,7,116.9,1,0,1,0,0,20,11.1,2.02,Graduate,31.9,27.0,41.1,31.9
1,17,1,9003,1,1,125.0,3,3,2,2,100.0,0,0,1,1,0,27,15.5,-4.06,Enrolled,31.9,50.3,17.8,31.9
1,18,1,9070,1,1,117.0,1,37,4,7,127.9,1,0,1,1,0,20,9.4,-3.12,Enrolled,31.8,37.4,30.7,31.8
2,39,2,9670,1,1,133.1,37,19,9,9,130.0,0,0,1,0,0,30,9.4,-3.12,Enrolled,31.8,37.1,31.2,31.8
1,17,1,9254,1,1,119.0,1,1,4,10,125.0,0,0,1,1,0,19,10.8,1.74,Enrolled,31.7,45.2,23.1,31.7
1,17,3,9670,1,1,147.0,37,37,8,8,128.8,0,1,1,0,0,19,9.4,-3.12,Enrolled,31.6,58.7,9.7,31.6
1,17,2,9147,1,1,130.0,1,38,5,7,122.0,1,0,1,1,0,20,10.8,1.74,Enrolled,31.6,48.4,20.1,31.6
1,17,5,9070,1,1,125.0,19,1,5,5,122.6,1,0,1,1,0,22,9.4,-3.12,Enrolled,31.6,45.3,23.1,31.6
1,39,1,8014,0,1,100.0,37,37,6,5,107.5,0,0,1,0,0,41,12.7,-1.7,Enrolled,31.5,41.2,27.2,31.5
1,1,3,9147,1,1,136.0,38,38,9,9,127.3,1,0,1,1,0,19,12.7,-1.7,Enrolled,31.3,48.7,20.0,31.3
1,1,2,171,1,1,135.0,19,19,4,7,149.0,1,0,1,1,0,22,11.1,2.02,Graduate,31.2,26.2,42.6,31.2
1,1,1,9670,1,1,133.1,38,19,5,6,138.0,0,1,1,1,0,22,11.1,2.02,Enrolled,31.1,37.1,31.7,31.1
2,43,1,9991,0,1,140.0,37,37,9,9,130.0,1,0,1,1,0,30,9.4,-3.12,Enrolled,30.9,51.6,17.5,30.9
1,7,1,9500,1,3,130.0,19,38,5,3,130.0,0,0,1,0,0,23,9.4,-3.12,Graduate,30.8,15.9,53.3,30.8
1,17,2,9853,1,1,114.0,1,19,9,9,111.9,1,0,1,1,1,20,7.6,0.32,Enrolled,30.8,43.4,25.8,30.8
1,43,1,9254,1,1,134.0,37,37,9,9,133.3,1,1,1,0,0,19,7.6,0.32,Enrolled,30.7,59.3,10.0,30.7
1,17,4,9773,1,1,127.0,1,19,4,1,115.8,1,0,1,0,0,18,13.9,0.79,Graduate,30.7,14.1,55.2,30.7
1,43,1,9130,1,1,140.0,2,1,2,3,140.0,1,0,1,0,0,22,12.7,-1.7,Enrolled,30.4,40.4,29.3,30.4
1,17,2,9238,1,1,115.0,19,38,7,8,116.4,1,0,1,0,0,21,16.2,-0.92,Graduate,30.4,25.4,44.2,30.4
4,43,1,9991,0,1,140.0,37,37,5,5,149.8,0,0,1,1,0,36,12.7,-1.7,Enrolled,30.4,52.3,17.2,30.4
1,17,1,9670,1,1,128.0,37,37,9,9,135.7,1,0,1,1,0,19,10.8,1.74,Graduate,30.4,33.5,36.1,30.4
1,1,1,9254,1,1,126.0,1,19,4,4,116.9,0,0,1,1,0,18,8.9,3.51,Enrolled,30.4,45.2,24.4,30.4
1,51,1,33,1,1,130.0,19,19,9,9,117.7,0,0,1,0,0,34,11.1,2.02,Enrolled,30.4,37.2,32.4,30.4
1,17,2,9070,1,1,142.0,3,1,2,4,141.0,1,0,1,1,0,18,10.8,1.74,Enrolled,30.4,38.1,31.5,30.4
2,39,1,8014,0,19,133.1,19,37,6,8,149.5,0,0,1,1,0,48,12.4,1.79,Graduate,30.4,10.5,59.1,30.4
1,42,1,9991,0,1,160.0,1,2,4,3,120.0,0,0,1,0,0,30,7.6,0.32,Enrolled,30.3,46.5,23.2,30.3
1,1,2,171,1,1,131.0,19,1,4,7,131.4,1,0,1,1,0,20,7.6,0.32,Enrolled,30.1,41.4,28.5,30.1
1,1,1,9119,1,1,129.0,12,1,4,10,124.1,1,0,1,1,0,19,7.6,0.32,Enrolled,30.0,64.0,6.0,30.0
1,17,4,9556,1,1,135.0,38,37,3,7,129.0,1,0,1,0,0,21,12.7,-1.7,Graduate,29.8,25.1,45.1,29.8
1,1,5,9070,1,1,134.0,34,1,5,7,129.8,1,0,1,0,0,18,9.4,-3.12,Graduate,29.8,21.5,48.7,29.8
4,39,1,9991,0,1,133.1,37,37,5,5,138.7,0,0,1,0,0,31,10.8,1.74,Enrolled,29.8,51.9,18.3,29.8
1,17,5,9773,1,1,146.0,1,37,5,5,146.7,1,0,1,1,0,19,7.6,0.32,Graduate,29.8,26.5,43.7,29.8
4,39,1,8014,0,1,133.1,38,37,5,7,144.5,0,0,1,0,0,45,16.2,-0.92,Graduate,29.7,21.3,49.0,29.7
1,39,1,9119,1,1,130.0,19,37,9,9,134.0,0,0,1,1,1,24,12.7,-1.7,Enrolled,29.6,61.0,9.4,29.6
1,7,1,9991,0,40,140.0,37,37,6,6,140.0,0,0,1,0,0,26,12.4,1.79,Graduate,29.6,21.9,48.5,29.6
1,17,4,9119,1,1,133.0,3,1,9,3,123.2,1,0,1,1,0,18,8.9,3.51,Enrolled,29.6,53.4,17.0,29.6
1,44,1,9003,1,39,130.0,3,3,7,1,130.0,1,0,1,1,0,20,15.5,-4.06,Enrolled,29.6,47.5,22.9,29.6
1,17,1,9670,1,1,141.0,19,37,5,8,130.2,0,0,1,1,0,18,12.7,-1.7,Enrolled,29.5,38.7,31.8,29.5
1,42,1,9500,1,1,133.0,1,1,4,4,100.0,0,0,1,0,0,20,12.7,-1.7,Enrolled,29.5,40.6,29.9,29.5
1,43,1,9070,1,1,125.0,38,37,8,7,131.7,1,0,1,1,0,20,12.4,1.79,Enrolled,29.4,54.3,16.3,29.4
1,43,1,9670,1,1,127.0,37,37,9,9,127.0,1,0,1,1,0,23,9.4,-3.12,Enrolled,29.3,54.9,15.8,29.3
1,1,3,9238,1,1,133.1,1,1,9,9,100.0,1,0,1,1,0,22,8.9,3.51,Graduate,28.9,33.0,38.0,28.9
1,1,1,9070,1,1,133.1,1,37,5,9,143.0,1,1,1,0,0,21,12.7,-1.7,Enrolled,28.9,37.6,33.5,28.9
1,17,1,9254,1,1,115.0,12,1,9,3,108.7,1,0,1,0,1,18,12.4,1.79,Graduate,28.8,18.5,52.6,28.8
1,16,1,171,1,1,150.0,37,37,9,9,134.6,1,0,1,1,0,19,7.6,0.32,Enrolled,28.6,44.9,26.5,28.6
1,1,1,9773,1,1,133.1,38,19,132,103,146.0,0,1,1,0,0,20,16.2,-0.92,Graduate,28.6,32.9,38.5,28.6
1,17,3,9238,1,1,133.1,41,1,2,3,117.0,1,0,1,0,0,21,11.1,2.02,Graduate,28.6,16.2,55.2,28.6
1,51,1,9254,1,1,120.0,38,38,9,9,118.0,0,0,1,0,0,28,8.9,3.51,Graduate,28.5,33.5,37.9,28.5
1,1,1,9254,1,1,123.0,38,37,5,5,125.1,0,0,1,0,0,19,16.2,-0.92,Graduate,28.3,30.8,41.0,28.3
1,17,2,9147,1,1,116.0,1,38,4,3,114.6,1,0,1,0,0,19,13.9,0.79,Enrolled,28.3,43.2,28.5,28.3
2,39,1,9238,1,1,126.6,38,38,9,7,107.5,0,1,1,0,1,42,11.1,2.02,Graduate,28.2,27.1,44.7,28.2
4,39,2,9556,1,19,133.1,19,19,4,6,123.0,0,0,1,0,1,37,10.8,1.74,Graduate,28.1,23.5,48.4,28.1
1,51,1,9070,1,1,125.0,42,3,125,124,130.0,1,0,1,1,0,20,8.9,3.51,Enrolled,28.1,35.9,35.9,28.1
2,39,1,9147,1,1,140.0,37,37,6,10,131.8,0,0,1,0,0,35,10.8,1.74,Enrolled,28.0,49.6,22.4,28.0
1,17,3,9254,1,1,118.0,19,1,4,4,115.9,1,0,1,1,1,18,8.9,3.51,Enrolled,28.0,39.1,32.8,28.0
1,17,1,9238,1,1,135.0,37,37,8,6,127.0,0,0,1,0,0,21,16.2,-0.92,Graduate,28.0,28.7,43.4,28.0
1,44,1,9070,1,39,150.0,12,37,3,9,147.7,0,1,1,0,1,22,12.4,1.79,Graduate,28.0,32.7,39.2,28.0
1,1,4,9147,1,1,133.1,1,19,4,6,106.0,1,0,1,0,0,24,12.7,-1.7,Enrolled,28.0,42.0,29.9,28.0
1,43,1,9085,1,1,110.0,38,38,9,6,117.2,1,0,1,1,0,28,15.5,-4.06,Enrolled,27.9,56.7,15.3,27.9
1,44,1,9119,1,39,150.0,19,37,9,9,150.0,1,1,1,1,0,20,12.4,1.79,Enrolled,27.8,69.0,3.2,27.8
2,39,1,9991,0,1,133.1,37,37,9,9,126.5,0,0,1,0,0,27,7.6,0.32,Enrolled,27.8,50.5,21.8,27.8
2,42,1,9991,0,1,130.0,3,2,2,2,130.0,0,0,1,1,0,27,12.7,-1.7,Enrolled,27.7,56.5,15.8,27.7
1,17,4,9773,1,1,121.0,1,19,9,8,120.3,1,1,1,1,1,19,8.9,3.51,Graduate,27.7,23.3,49.0,27.7
1,39,1,9500,1,1,130.0,38,1,9,4,140.0,1,0,1,0,0,24,12.7,-1.7,Enrolled,27.7,42.4,30.0,27.7
1,51,1,9119,1,1,140.0,1,19,4,4,150.0,0,0,1,1,0,23,8.9,3.51,Enrolled,27.5,60.0,12.5,27.5
4,39,1,9500,1,1,140.0,38,37,7,7,101.5,1,0,1,0,0,24,10.8,1.74,Enrolled,27.5,53.6,18.9,27.5
2,39,1,9500,1,1,133.1,37,37,9,9,109.0,1,0,1,0,0,39,7.6,0.32,Enrolled,27.4,43.5,29.1,27.4
2,1,1,9254,1,1,140.0,19,38,4,7,133.0,0,0,1,1,0,33,12.7,-1.7,Graduate,27.3,31.8,40.9,27.3
1,17,1,9254,1,1,116.0,38,37,9,6,109.7,1,0,1,0,0,22,11.1,2.02,Enrolled,27.3,41.2,31.5,27.3
1,17,6,9147,1,1,145.0,37,37,9,9,132.0,1,0,1,0,0,19,7.6,0.32,Enrolled,27.2,39.2,33.6,27.2
1,17,1,9238,1,1,148.0,1,1,4,9,129.8,0,0,1,0,0,20,15.5,-4.06,Graduate,27.2,21.4,51.4,27.2
1,17,1,9130,1,1,147.0,4,1,2,10,141.8,1,0,1,0,0,19,13.9,0.79,Graduate,27.1,30.1,42.9,27.1
1,1,1,9147,1,1,131.0,3,19,1,4,118.8,0,0,1,0,0,19,16.2,-0.92,Enrolled,26.9,54.4,18.7,26.9
1,17,1,9003,1,1,126.0,37,3,5,2,116.9,0,0,1,1,0,19,13.9,0.79,Enrolled,26.9,38.2,34.9,26.9
1,1,2,9254,1,1,140.0,1,37,4,5,123.6,1,0,1,0,0,18,12.7,-1.7,Enrolled,26.9,37.7,35.4,26.9
1,39,1,8014,0,1,120.0,38,37,9,7,108.0,0,0,1,1,1,37,13.9,0.79,Graduate,26.7,24.2,49.1,26.7
2,44,1,9003,1,39,140.0,37,37,4,7,140.0,0,0,1,1,0,37,16.2,-0.92,Graduate,26.6,29.2,44.2,26.6
1,1,2,9853,1,1,123.0,19,1,194,103,115.3,1,0,1,0,0,20,11.1,2.02,Enrolled,26.5,57.3,16.2,26.5
1,1,3,9070,1,1,118.0,43,3,123,123,110.0,1,1,1,1,0,19,8.9,3.51,Enrolled,26.5,64.6,8.8,26.5
1,1,6,9853,1,1,140.0,38,38,9,7,137.6,1,0,1,0,0,18,10.8,1.74,Graduate,26.5,26.6,46.9,26.5
1,1,2,9773,1,1,142.0,38,38,9,9,132.9,1,0,1,1,0,18,10.8,1.74,Graduate,26.5,21.5,52.0,26.5
2,39,1,9991,0,1,140.0,37,37,9,10,130.0,0,0,1,0,0,34,9.4,-3.12,Enrolled,26.4,54.3,19.3,26.4
1,17,1,9238,1,1,135.0,1,19,4,4,129.1,0,0,1,0,0,19,15.5,-4.06,Graduate,26.3,26.8,46.9,26.3
1,1,3,9773,1,1,123.0,1,1,4,7,125.1,1,1,1,1,1,18,11.1,2.02,Graduate,26.3,32.2,41.5,26.3
1,44,1,9119,1,39,151.0,19,37,4,7,151.0,0,1,1,0,0,26,16.2,-0.92,Enrolled,26.2,69.1,4.6,26.2
1,1,1,171,1,1,137.0,3,19,2,9,122.3,0,0,1,0,0,19,10.8,1.74,Enrolled,25.9,39.4,34.8,25.9
2,39,1,9991,0,1,110.0,37,37,9,3,127.1,0,0,1,0,0,34,7.6,0.32,Enrolled,25.8,47.3,26.9,25.8
1,39,1,9500,1,1,120.0,1,3,175,121,105.9,0,0,1,0,0,35,11.1,2.02,Enrolled,25.8,54.7,19.5,25.8
1,17,5,9147,1,1,133.0,1,1,4,4,129.2,1,0,1,0,0,19,7.6,0.32,Enrolled,25.8,56.0,18.1,25.8
1,1,1,9147,1,1,126.0,3,19,3,3,115.2,0,0,1,1,0,19,16.2,-0.92,Enrolled,25.8,51.5,22.7,25.8
2,39,1,9085,1,1,120.0,19,19,1,4,130.0,0,0,1,0,0,29,9.4,-3.12,Enrolled,25.7,58.7,15.6,25.7
1,1,3,9773,1,1,130.0,1,37,4,5,120.9,1,1,1,0,0,18,8.9,3.51,Enrolled,25.7,49.5,24.7,25.7
1,1,3,9254,1,1,121.0,19,37,4,7,116.8,1,0,1,0,0,21,11.1,2.02,Enrolled,25.6,42.6,31.8,25.6
1,43,1,9500,1,1,132.0,1,38,7,7,129.6,0,0,1,1,0,23,16.2,-0.92,Enrolled,25.6,46.3,28.1,25.6
1,1,2,9773,1,1,135.0,3,1,4,4,136.1,1,0,1,1,0,19,8.9,3.51,Graduate,25.6,31.1,43.3,25.6
1,39,1,9500,1,1,140.0,3,3,1,1,140.0,1,0,1,0,0,24,9.4,-3.12,Enrolled,25.6,46.5,27.9,25.6
1,42,1,9500,1,1,100.0,3,19,2,8,153.0,0,0,1,1,0,22,15.5,-4.06,Graduate,25.5,32.3,42.3,25.5
1,39,1,9500,1,1,130.0,19,19,9,8,105.8,0,0,1,0,0,26,13.9,0.79,Enrolled,25.5,50.7,23.8,25.5
1,17,1,9147,1,1,124.0,38,19,6,10,126.8,1,0,1,0,0,20,15.5,-4.06,Enrolled,25.1,50.3,24.7,25.1
1,7,1,9085,1,40,140.0,1,19,5,5,140.0,1,0,1,0,0,23,12.4,1.79,Graduate,25.0,27.5,47.5,25.0
1,43,1,9147,1,1,141.0,37,37,9,9,130.2,0,0,1,1,0,24,9.4,-3.12,Enrolled,25.0,66.7,8.3,25.0
1,1,1,9670,1,1,125.0,19,1,7,4,122.6,0,0,1,1,0,21,9.4,-3.12,Enrolled,25.0,56.5,18.5,25.0
1,51,1,9147,1,1,130.0,1,1,4,4,120.0,0,0,1,0,0,21,11.1,2.02,Enrolled,25.0,55.6,19.4,25.0
1,17,1,9238,1,1,136.0,38,1,9,4,129.7,0,0,1,0,0,19,15.5,-4.06,Graduate,25.0,26.2,48.8,25.0
1,17,4,9147,1,1,122.0,19,19,5,7,116.4,1,1,1,0,1,18,11.1,2.02,Enrolled,24.9,41.2,33.8,24.9
1,17,3,9238,1,1,125.0,19,19,7,8,121.5,0,0,1,0,0,19,13.9,0.79,Graduate,24.7,29.6,45.7,24.7
1,17,1,9991,0,40,127.0,37,37,6,6,124.9,0,0,1,0,0,29,16.2,-0.92,Graduate,24.6,22.7,52.7,24.6
1,1,1,9670,1,1,131.0,1,1,4,9,122.3,0,0,1,1,0,19,9.4,-3.12,Enrolled,24.6,47.2,28.1,24.6
1,51,1,9556,1,1,131.0,1,37,152,193,126.6,1,0,1,1,0,23,8.9,3.51,Enrolled,24.3,53.9,21.7,24.3
1,1,1,9238,1,1,125.0,1,1,5,5,128.5,0,0,1,1,0,20,16.2,-0.92,Graduate,24.2,24.3,51.4,24.2
1,17,3,9119,1,1,138.0,3,3,3,4,125.4,1,0,1,1,0,19,8.9,3.51,Enrolled,24.1,70.8,5.1,24.1
1,1,2,9147,1,1,140.0,19,19,9,4,127.8,1,0,1,1,0,23,9.4,-3.12,Enrolled,24.1,61.7,14.2,24.1
1,39,1,9085,1,1,133.1,3,3,4,2,144.9,1,0,1,0,0,26,12.4,1.79,Enrolled,24.1,51.3,24.7,24.1
1,1,1,9238,1,1,136.0,38,38,0,7,133.2,1,0,1,0,0,19,7.6,0.32,Graduate,24.0,12.6,63.5,24.0
1,1,1,9254,1,1,100.0,19,19,5,5,101.8,1,0,1,0,0,21,12.4,1.79,Enrolled,24.0,49.7,26.3,24.0
1,17,1,9500,1,1,131.0,1,1,5,5,126.3,0,0,1,1,0,19,16.2,-0.92,Graduate,24.0,35.2,40.8,24.0
1,1,3,9147,1,1,124.0,1,1,5,3,116.7,1,0,1,1,0,19,7.6,0.32,Enrolled,23.9,56.9,19.2,23.9
1,44,1,9070,1,39,120.0,1,19,5,8,119.8,0,0,1,1,0,21,12.4,1.79,Enrolled,23.8,53.9,22.3,23.8
1,17,1,9853,1,1,160.0,1,38,4,10,144.3,1,0,1,0,0,18,9.4,-3.12,Enrolled,23.8,54.8,21.4,23.8
1,1,1,9238,1,1,170.0,37,37,0,0,150.8,1,0,1,0,0,27,7.6,0.32,Graduate,23.7,4.1,72.3,23.7
1,15,1,9130,1,1,133.1,1,1,4,4,100.0,0,0,1,0,0,26,8.9,3.51,Enrolled,23.4,40.1,36.6,23.4
1,39,1,9500,1,1,123.0,19,1,1,1,140.8,0,0,1,0,0,25,10.8,1.74,Enrolled,23.4,41.6,34.9,23.4
1,17,1,9853,1,1,126.0,1,37,7,9,132.7,0,0,1,0,1,18,10.8,1.74,Graduate,23.4,35.2,41.4,23.4
1,1,2,171,1,1,140.0,1,3,3,3,138.3,1,0,1,0,0,18,12.4,1.79,Graduate,23.4,21.5,55.1,23.4
1,1,1,9147,1,1,150.0,37,37,9,9,134.6,0,0,1,1,0,20,9.4,-3.12,Enrolled,23.4,57.5,19.1,23.4
1,1,2,9773,1,1,124.0,3,3,3,4,114.6,1,0,1,0,0,21,11.1,2.02,Graduate,23.3,37.6,39.1,23.3
1,43,1,9003,1,1,120.0,1,1,4,10,134.4,0,0,1,1,0,24,15.5,-4.06,Enrolled,23.3,53.0,23.7,23.3
1,1,1,9130,1,1,152.0,2,22,4,3,146.1,1,0,1,0,0,18,10.8,1.74,Graduate,23.3,17.9,58.8,23.3
1,51,1,9670,1,1,133.1,3,1,3,10,116.2,0,0,1,1,0,24,11.1,2.02,Enrolled,23.2,48.7,28.1,23.2
1,17,1,9670,1,1,149.0,19,37,7,4,134.3,0,0,1,0,0,20,10.8,1.74,Enrolled,23.2,41.2,35.7,23.2
1,1,1,9119,1,1,142.0,1,38,4,3,129.8,1,0,1,1,0,18,10.8,1.74,Enrolled,23.2,61.7,15.1,23.2
2,43,1,8014,0,1,160.0,37,39,9,4,140.9,0,0,1,0,0,50,16.2,-0.92,Graduate,23.0,35.4,41.6,23.0
1,39,1,9991,0,1,100.0,19,37,5,5,120.7,0,0,1,0,0,28,7.6,0.32,Enrolled,22.9,66.5,10.6,22.9
1,1,3,9254,1,1,121.0,19,19,9,9,125.9,1,0,1,0,0,22,9.4,-3.12,Enrolled,22.9,48.4,28.6,22.9
1,1,1,9500,1,1,123.0,37,37,7,7,119.7,0,0,1,1,0,20,13.9,0.79,Graduate,22.9,36.6,40.6,22.9
1,1,1,9070,1,1,124.0,37,37,9,9,125.4,1,0,1,1,0,19,9.4,-3.12,Enrolled,22.7,47.5,29.7,22.7
1,1,1,9773,1,1,128.0,37,1,9,7,124.2,1,0,1,0,0,18,15.5,-4.06,Graduate,22.7,32.2,45.1,22.7
1,1,1,171,1,1,163.0,19,1,9,7,143.1,0,0,1,1,0,18,9.4,-3.12,Enrolled,22.7,45.2,32.1,22.7
1,1,1,171,1,1,143.0,3,38,2,10,129.7,1,0,1,0,0,18,13.9,0.79,Enrolled,22.6,40.4,37.0,22.6
1,44,1,9003,1,39,130.0,37,37,9,10,130.0,0,0,1,1,0,25,15.5,-4.06,Enrolled,22.5,53.8,23.7,22.5
1,17,2,9556,1,1,133.1,37,38,9,8,106.0,1,0,1,0,0,19,8.9,3.51,Enrolled,22.5,46.7,30.7,22.5
1,17,1,9773,1,1,130.0,19,38,4,9,126.2,0,0,1,1,1,18,16.2,-0.92,Graduate,22.5,18.2,59.3,22.5
1,39,1,8014,0,1,120.0,37,37,7,8,120.0,0,0,1,0,1,27,15.5,-4.06,Graduate,22.4,28.5,49.2,22.4
1,43,1,9147,1,1,123.0,37,38,7,7,110.0,0,0,1,1,0,25,9.4,-3.12,Enrolled,22.3,73.2,4.5,22.3
1,15,1,9119,1,1,133.1,1,3,5,8,100.0,0,1,1,1,0,21,11.1,2.02,Enrolled,22.3,73.2,4.5,22.3
1,1,1,171,1,1,136.0,3,37,2,8,121.7,1,0,1,0,0,18,9.4,-3.12,Enrolled,22.3,53.5,24.2,22.3
1,1,3,9070,1,1,129.0,5,3,5,7,124.8,1,0,1,0,0,21,12.4,1.79,Graduate,22.3,35.9,41.8,22.3
1,5,2,9070,1,1,143.0,1,1,4,10,146.2,1,0,1,1,0,18,16.2,-0.92,Enrolled,22.1,44.5,33.4,22.1
1,17,3,9238,1,1,141.0,3,3,2,2,124.9,1,0,1,0,0,19,12.7,-1.7,Graduate,22.1,37.9,40.0,22.1
1,17,3,9500,1,1,143.0,3,3,9,7,129.0,1,0,1,1,0,19,13.9,0.79,Graduate,22.1,35.8,42.1,22.1
1,1,1,9238,1,1,140.0,19,38,9,9,132.0,0,0,1,1,0,19,16.2,-0.92,Graduate,22.1,22.0,55.9,22.1
1,1,1,9773,1,1,146.0,37,38,9,7,128.5,0,1,1,0,0,19,10.8,1.74,Enrolled,22.1,42.7,35.2,22.1
1,39,1,8014,0,1,120.0,19,37,8,7,100.0,1,0,1,0,0,24,9.4,-3.12,Enrolled,22.0,66.9,11.0,22.0
1,1,4,9670,1,1,133.0,1,2,4,7,121.1,1,0,1,0,0,18,13.9,0.79,Graduate,22.0,33.5,44.5,22.0
2,39,1,9147,1,1,110.0,37,37,9,10,140.0,0,0,1,0,0,41,9.4,-3.12,Enrolled,22.0,63.9,14.1,22.0
1,1,1,9147,1,1,135.0,1,38,5,5,122.4,0,1,1,0,0,19,13.9,0.79,Enrolled,21.9,64.5,13.6,21.9
1,17,1,9853,1,1,119.0,3,3,132,132,110.6,0,0,1,0,0,20,11.1,2.02,Enrolled,21.9,66.8,11.3,21.9
1,43,2,9670,1,1,129.0,3,3,5,5,122.4,1,0,1,0,0,19,12.7,-1.7,Enrolled,21.9,54.2,23.9,21.9
1,44,1,9003,1,39,150.0,4,5,4,2,150.0,0,0,1,1,0,21,16.2,-0.92,Graduate,21.8,33.7,44.5,21.8
1,43,1,9147,1,1,131.0,19,38,9,9,129.7,1,0,1,0,0,19,16.2,-0.92,Enrolled,21.8,63.2,15.0,21.8
2,1,1,9556,1,1,144.0,19,19,193,144,139.8,0,1,1,1,0,24,10.8,1.74,Enrolled,21.7,55.2,23.2,21.7
1,1,1,9670,1,1,120.0,1,1,9,9,129.1,1,0,1,1,0,18,10.8,1.74,Enrolled,21.7,39.5,38.8,21.7
1,17,1,9070,1,1,123.0,4,37,2,9,113.9,0,0,1,0,0,18,15.5,-4.06,Enrolled,21.6,44.8,33.5,21.6
1,17,5,9670,1,1,125.0,1,19,9,7,119.4,1,0,1,0,0,18,11.1,2.02,Graduate,21.5,33.6,44.9,21.5
1,15,1,171,1,1,130.0,1,1,2,9,130.0,0,0,1,1,0,21,8.9,3.51,Graduate,21.5,37.3,41.2,21.5
1,43,4,9147,1,1,124.0,37,37,9,9,117.4,0,0,1,0,0,19,7.6,0.32,Enrolled,21.5,62.1,16.4,21.5
1,1,1,9254,1,1,138.0,38,19,9,10,133.1,0,0,1,0,0,18,15.5,-4.06,Graduate,21.5,36.3,42.2,21.5
1,1,1,9085,1,1,134.0,37,19,9,9,136.8,1,0,1,1,0,20,10.8,1.74,Graduate,21.5,38.4,40.1,21.5
1,44,1,9085,1,39,140.0,19,37,5,7,140.0,1,0,1,1,0,19,12.4,1.79,Enrolled,21.4,53.7,24.9,21.4
1,1,1,9238,1,1,136.0,4,5,2,2,126.2,0,0,1,1,0,22,10.8,1.74,Graduate,21.3,26.4,52.3,21.3
2,39,1,9500,1,1,100.0,37,38,4,4,130.0,0,0,1,1,1,33,12.7,-1.7,Graduate,21.2,32.2,46.6,21.2
1,17,1,9147,1,1,137.0,1,3,7,3,131.1,1,1,1,0,1,19,8.9,3.51,Enrolled,21.2,48.3,30.5,21.2
1,17,2,9254,1,1,130.0,19,19,7,7,121.6,1,0,1,0,1,18,12.7,-1.7,Graduate,21.0,28.3,50.7,21.0
1,17,5,9238,1,1,130.0,19,1,5,5,130.0,1,0,1,0,0,20,9.4,-3.12,Graduate,20.8,31.7,47.5,20.8
1,39,1,8014,0,1,133.1,37,37,9,9,97.0,0,0,1,0,1,35,10.8,1.74,Graduate,20.8,28.2,51.0,20.8
1,1,1,9853,1,1,120.0,19,37,5,7,115.1,0,0,1,0,1,18,15.5,-4.06,Enrolled,20.8,40.4,38.8,20.8
1,42,1,9085,1,1,100.0,1,38,4,9,100.0,1,0,1,0,1,20,13.9,0.79,Graduate,20.8,29.4,49.8,20.8
1,18,1,9773,1,1,124.0,38,37,9,8,126.8,0,0,1,1,1,21,13.9,0.79,Graduate,20.7,11.5,67.8,20.7
1,1,6,9147,1,1,128.0,37,37,9,9,116.5,0,0,1,0,0,18,7.6,0.32,Enrolled,20.7,47.4,31.9,20.7
1,17,1,9238,1,1,125.0,4,3,1,1,119.8,0,0,1,0,0,18,16.2,-0.92,Graduate,20.5,21.5,57.9,20.5
1,44,1,9085,1,39,140.0,1,19,9,9,140.0,1,0,1,0,0,20,16.2,-0.92,Enrolled,20.3,46.4,33.3,20.3
4,39,1,9500,1,19,133.1,38,1,9,4,120.0,0,0,1,0,1,35,9.4,-3.12,Graduate,20.2,32.8,47.0,20.2
1,1,2,9670,1,1,117.0,3,1,3,5,110.7,1,0,1,1,0,20,11.1,2.02,Enrolled,20.1,52.6,27.3,20.1
1,16,2,9147,1,1,131.0,37,37,9,9,135.9,1,0,1,1,0,20,7.6,0.32,Enrolled,20.0,61.7,18.3,20.0
1,17,3,9556,1,1,126.0,19,19,9,4,119.0,1,0,1,0,1,19,16.2,-0.92,Graduate,20.0,31.4,48.6,20.0
1,17,6,9147,1,1,121.0,19,38,7,9,123.8,0,0,1,0,1,19,12.7,-1.7,Graduate,19.9,31.7,48.4,19.9
1,1,2,9773,1,1,116.0,19,19,4,7,110.1,1,0,1,0,0,18,11.1,2.02,Graduate,19.8,34.4,45.8,19.8
6,39,1,8014,0,1,133.1,37,1,9,7,114.8,0,0,1,0,1,41,13.9,0.79,Graduate,19.8,26.9,53.4,19.8
1,1,1,9254,1,1,130.0,37,38,9,9,133.9,1,0,1,0,0,18,9.4,-3.12,Enrolled,19.8,44.5,35.7,19.8
1,16,6,9147,1,1,128.0,37,37,9,9,116.5,1,0,1,0,0,20,7.6,0.32,Enrolled,19.8,54.4,25.8,19.8
1,17,3,9500,1,1,142.0,3,3,3,3,132.9,1,0,1,1,0,18,12.4,1.79,Graduate,19.7,31.0,49.2,19.7
1,44,1,9085,1,39,150.0,19,19,9,9,150.0,1,0,1,0,0,23,16.2,-0.92,Enrolled,19.6,44.1,36.3,19.6
1,1,1,171,1,1,142.0,1,1,3,3,133.3,1,0,1,0,0,19,10.8,1.74,Graduate,19.6,30.4,49.9,19.6
1,18,1,9500,1,1,126.0,38,37,5,5,114.8,1,0,1,0,0,20,10.8,1.74,Graduate,19.6,27.6,52.8,19.6
1,17,3,9119,1,1,131.0,37,37,9,7,118.4,0,0,1,1,0,18,7.6,0.32,Enrolled,19.5,75.1,5.4,19.5
1,43,1,9070,1,1,130.0,37,37,9,9,129.0,1,0,1,0,0,25,9.4,-3.12,Enrolled,19.5,57.9,22.6,19.5
1,39,1,9003,1,1,140.0,19,19,9,6,135.4,1,0,1,0,0,24,12.4,1.79,Enrolled,19.4,42.2,38.4,19.4
1,1,6,9500,1,1,118.0,38,19,3,3,113.5,1,0,1,1,0,18,12.4,1.79,Graduate,19.3,17.4,63.3,19.3
1,1,1,9853,1,1,125.0,19,19,5,5,117.0,0,0,1,0,1,19,15.5,-4.06,Enrolled,19.2,43.8,37.0,19.2
1,1,1,9085,1,1,126.0,1,1,9,9,127.4,1,0,1,0,0,19,15.5,-4.06,Enrolled,19.2,42.5,38.3,19.2
1,18,1,9147,1,1,121.0,19,3,5,5,115.8,1,0,1,0,1,19,12.4,1.79,Graduate,19.1,37.8,43.1,19.1
1,44,1,9238,1,39,140.0,38,37,7,7,143.0,0,0,1,0,0,19,13.9,0.79,Graduate,19.1,30.2,50.7,19.1
1,1,1,9130,1,1,137.0,3,19,3,5,136.3,1,0,1,0,0,20,10.8,1.74,Graduate,19.1,39.7,41.2,19.1
2,39,1,9991,0,1,120.0,37,37,9,10,170.0,0,0,1,0,0,34,9.4,-3.12,Enrolled,19.0,48.2,32.8,19.0
2,39,1,8014,0,1,130.0,37,37,9,6,110.0,1,0,1,0,0,33,9.4,-3.12,Enrolled,18.9,45.5,35.6,18.9
1,17,4,9070,1,1,148.0,1,3,4,1,163.4,1,0,1,0,0,20,16.2,-0.92,Graduate,18.9,8.9,72.2,18.9
1,1,1,9085,1,1,120.0,38,19,9,3,112.7,0,0,1,1,0,19,11.1,2.02,Graduate,18.9,40.3,40.8,18.9
1,1,3,9500,1,1,135.0,38,19,8,8,126.3,1,1,1,0,1,18,15.5,-4.06,Enrolled,18.9,41.4,39.7,18.9
2,7,1,8014,0,3,130.0,19,38,3,7,130.0,0,0,1,0,0,32,10.8,1.74,Graduate,18.7,11.5,69.7,18.7
2,1,1,8014,0,1,165.0,37,37,0,0,162.9,1,0,1,1,0,45,7.6,0.32,Graduate,18.6,2.8,78.6,18.6
1,17,3,9670,1,1,122.0,1,38,3,3,114.3,1,0,1,0,0,18,11.1,2.02,Graduate,18.6,39.8,41.6,18.6
1,17,4,9500,1,1,135.0,1,1,4,4,127.0,1,0,1,0,0,18,11.1,2.02,Graduate,18.6,23.7,57.7,18.6
1,1,5,9500,1,1,111.0,3,4,4,3,108.2,1,0,1,0,0,20,12.4,1.79,Graduate,18.5,18.6,62.9,18.5
1,1,1,9085,1,1,130.0,19,38,9,9,126.9,0,1,1,0,0,24,11.1,2.02,Enrolled,18.4,57.4,24.1,18.4
1,17,4,9238,1,1,129.0,19,19,4,7,123.1,1,0,1,0,0,19,11.1,2.02,Graduate,18.4,16.5,65.1,18.4
1,17,1,9238,1,1,134.0,3,1,3,4,133.0,1,0,1,0,0,18,12.7,-1.7,Graduate,18.4,36.1,45.5,18.4
1,1,1,9254,1,1,158.0,19,39,4,8,153.5,1,0,1,0,0,20,11.1,2.02,Enrolled,18.4,48.1,33.5,18.4
1,1,1,9853,1,1,123.0,1,38,9,6,121.6,1,0,1,0,0,18,11.1,2.02,Enrolled,18.3,55.3,26.3,18.3
1,1,1,8014,0,1,123.0,3,1,2,9,127.6,1,0,1,1,0,26,10.8,1.74,Graduate,18.2,33.2,48.6,18.2
1,1,1,9670,1,1,127.0,19,1,5,7,118.3,1,0,1,0,0,18,13.9,0.79,Graduate,18.2,37.1,44.7,18.2
1,1,1,9238,1,1,117.0,38,38,175,183,113.2,1,1,1,0,0,20,11.1,2.02,Enrolled,18.1,58.3,23.6,18.1
1,1,2,9670,1,1,130.0,38,37,5,5,123.4,1,0,1,0,0,21,9.4,-3.12,Graduate,18.1,40.1,41.7,18.1
1,1,2,9500,1,1,126.0,37,1,7,7,118.7,1,0,1,0,0,19,13.9,0.79,Graduate,18.1,30.7,51.2,18.1
1,1,6,9500,1,1,122.0,1,1,3,7,114.3,1,0,1,1,0,18,11.1,2.02,Graduate,18.0,29.4,52.6,18.0
1,1,1,9853,1,1,135.0,19,12,9,7,137.1,1,0,1,0,0,18,7.6,0.32,Enrolled,18.0,52.0,30.0,18.0
1,1,2,9254,1,1,137.0,38,19,9,7,125.1,1,0,1,0,0,18,7.6,0.32,Graduate,18.0,39.1,42.9,18.0
1,17,1,171,1,1,144.0,37,37,9,6,129.3,1,0,1,1,1,18,7.6,0.32,Graduate,17.9,32.8,49.3,17.9
1,18,3,9670,1,1,119.0,38,38,9,9,115.2,1,0,1,0,1,19,12.7,-1.7,Graduate,17.8,17.8,64.4,17.8
1,17,4,9670,1,1,135.0,38,38,9,7,127.0,1,0,1,0,0,18,11.1,2.02,Graduate,17.8,21.5,60.7,17.8
1,44,1,9085,1,39,160.0,1,1,4,4,160.0,1,0,1,0,0,23,12.4,1.79,Enrolled,17.7,46.6,35.7,17.7
1,17,1,9500,1,1,143.0,37,37,9,8,130.6,1,0,1,0,0,20,16.2,-0.92,Graduate,17.7,28.6,53.7,17.7
1,1,1,9853,1,1,127.0,3,1,3,7,137.2,1,0,1,0,0,18,10.8,1.74,Enrolled,17.7,56.4,26.0,17.7
1,1,1,171,1,1,163.0,3,4,2,5,175.6,1,0,1,0,0,18,11.1,2.02,Graduate,17.6,20.0,62.4,17.6
1,1,2,9773,1,1,125.0,19,1,4,5,122.2,1,0,1,0,0,18,11.1,2.02,Graduate,17.6,36.0,46.4,17.6
1,1,2,9147,1,1,129.0,38,19,3,7,118.9,1,0,1,0,0,19,10.8,1.74,Enrolled,17.6,54.2,28.2,17.6
1,17,1,9070,1,1,139.0,1,37,4,9,131.3,1,0,1,0,0,19,7.6,0.32,Enrolled,17.5,42.4,40.1,17.5
1,17,1,9085,1,1,138.0,1,19,4,9,142.2,1,0,1,0,0,18,10.8,1.74,Graduate,17.5,36.1,46.4,17.5
1,1,1,9085,1,1,120.0,19,1,8,7,115.1,1,0,1,0,0,19,13.9,0.79,Enrolled,17.5,60.3,22.2,17.5
1,17,6,9500,1,1,136.0,3,38,2,9,125.7,1,0,1,0,0,20,11.1,2.02,Graduate,17.5,22.4,60.1,17.5
1,1,4,9119,1,1,120.0,3,1,123,152,116.9,0,0,1,1,0,18,8.9,3.51,Enrolled,17.5,74.4,8.1,17.5
1,17,1,9085,1,1,135.0,1,19,4,10,125.6,1,0,1,0,0,18,12.7,-1.7,Enrolled,17.4,50.3,32.3,17.4
1,43,1,9147,1,1,129.0,19,1,9,5,112.0,0,0,1,1,0,22,12.7,-1.7,Enrolled,17.4,77.4,5.2,17.4
1,1,2,9147,1,1,131.0,1,1,9,9,118.8,0,0,1,1,1,18,12.4,1.79,Graduate,17.3,38.4,44.3,17.3
1,44,1,9003,1,39,150.0,19,1,9,8,150.0,1,0,1,1,0,21,13.9,0.79,Enrolled,17.3,46.2,36.5,17.3
2,39,2,9556,1,1,110.0,19,38,9,9,112.8,0,0,1,0,1,26,10.8,1.74,Graduate,17.3,35.9,46.9,17.3
1,1,1,9147,1,1,125.0,38,1,3,10,114.5,1,0,1,1,0,19,9.4,-3.12,Enrolled,17.1,72.7,10.3,17.1
1,1,1,9238,1,1,124.0,37,37,7,9,121.2,0,0,1,0,0,19,7.6,0.32,Graduate,17.1,33.9,49.0,17.1
1,17,3,9147,1,1,122.0,3,38,123,171,116.1,1,1,1,1,0,19,8.9,3.51,Enrolled,17.1,78.5,4.5,17.1
1,44,1,9070,1,39,120.0,2,19,3,8,120.0,0,0,1,1,0,21,16.2,-0.92,Enrolled,17.0,63.9,19.1,17.0
1,1,1,9500,1,1,130.0,38,37,5,10,117.8,1,0,1,1,0,19,10.8,1.74,Graduate,17.0,37.4,45.6,17.0
1,1,1,171,1,1,147.0,2,3,4,8,145.3,1,0,1,0,0,18,12.4,1.79,Graduate,16.9,32.2,50.9,16.9
1,1,1,9254,1,1,145.0,3,19,3,8,134.9,1,0,1,0,0,18,12.4,1.79,Graduate,16.9,38.9,44.2,16.9
1,1,1,9238,1,1,127.0,37,37,5,10,125.3,0,0,1,1,0,19,7.6,0.32,Graduate,16.9,36.2,46.9,16.9
1,1,1,9085,1,1,138.0,38,37,9,6,126.8,1,0,1,1,0,18,10.8,1.74,Enrolled,16.8,43.3,39.9,16.8
1,44,1,9003,1,39,160.0,3,3,2,10,160.0,1,0,1,1,0,20,12.4,1.79,Enrolled,16.8,46.9,36.3,16.8
1,17,2,9254,1,1,132.0,38,38,9,8,122.6,1,0,1,0,1,20,13.9,0.79,Graduate,16.6,19.1,64.2,16.6
1,1,1,9773,1,1,140.0,37,37,9,9,142.5,1,0,1,0,0,18,9.4,-3.12,Graduate,16.6,31.5,51.9,16.6
1,1,6,9500,1,1,138.0,4,19,2,3,124.7,1,0,1,1,0,18,16.2,-0.92,Graduate,16.6,13.5,69.8,16.6
1,1,4,9238,1,1,125.0,19,1,4,5,122.6,1,0,1,0,0,18,13.9,0.79,Graduate,16.5,17.9,65.6,16.5
1,1,2,9070,1,1,121.0,19,19,3,3,116.1,1,0,1,0,0,22,12.7,-1.7,Graduate,16.5,36.1,47.4,16.5
1,1,1,9773,1,1,125.0,3,2,2,1,119.1,1,0,1,0,0,22,9.4,-3.12,Enrolled,16.5,59.9,23.6,16.5
1,1,3,9070,1,1,161.0,38,37,5,5,154.4,1,0,1,0,0,18,16.2,-0.92,Graduate,16.4,19.4,64.2,16.4
1,1,1,171,1,1,133.0,37,19,9,8,141.4,0,0,1,1,1,20,13.9,0.79,Graduate,16.2,19.2,64.6,16.2
1,1,1,9670,1,1,113.0,37,19,9,9,110.2,1,0,1,0,0,22,7.6,0.32,Enrolled,16.2,49.8,34.0,16.2
1,1,1,9670,1,1,130.0,19,19,7,7,121.6,0,0,1,0,0,19,12.4,1.79,Graduate,16.1,41.5,42.5,16.1
1,17,3,9147,1,1,112.0,1,19,3,5,107.8,1,0,1,0,0,19,10.8,1.74,Enrolled,16.1,71.7,12.2,16.1
1,43,1,9070,1,1,141.0,1,19,5,10,127.0,0,0,1,0,0,20,12.7,-1.7,Enrolled,16.1,55.4,28.5,16.1
1,1,1,9085,1,1,131.0,37,37,9,6,130.7,0,1,1,0,0,21,10.8,1.74,Enrolled,16.1,56.7,27.2,16.1
1,7,1,8014,0,40,120.0,37,19,9,3,120.0,0,0,1,0,0,36,8.9,3.51,Graduate,16.0,16.4,67.6,16.0
1,1,1,9773,1,1,134.0,19,37,9,9,131.6,1,0,1,0,0,19,10.8,1.74,Graduate,16.0,30.2,53.8,16.0
1,1,3,9500,1,1,139.0,3,1,4,1,126.0,1,0,1,1,0,18,10.8,1.74,Graduate,16.0,35.3,48.7,16.0
1,17,1,9670,1,1,118.0,1,19,4,8,118.7,0,0,1,1,1,19,12.4,1.79,Graduate,16.0,29.2,54.9,16.0
1,43,4,9500,1,6,134.0,37,37,9,9,129.8,1,0,1,0,0,20,7.6,0.32,Graduate,16.0,23.8,60.3,16.0
1,17,1,9853,1,1,160.0,19,38,5,7,139.0,1,0,1,0,1,18,9.4,-3.12,Graduate,15.9,40.8,43.3,15.9
1,1,2,9147,1,1,133.0,3,19,2,7,120.4,1,0,1,0,0,22,8.9,3.51,Enrolled,15.9,59.3,24.8,15.9
1,44,1,9085,1,39,160.0,37,19,9,10,160.0,1,0,1,0,0,22,16.2,-0.92,Enrolled,15.7,43.2,41.1,15.7
1,17,1,9238,1,1,115.0,19,38,5,5,115.0,1,0,1,0,0,19,11.1,2.02,Graduate,15.7,37.3,47.0,15.7
1,18,1,9238,1,1,122.0,38,38,9,7,114.7,0,1,1,0,1,18,11.1,2.02,Graduate,15.6,19.5,64.9,15.6
1,17,1,9085,1,1,142.0,3,19,5,5,130.8,1,0,1,0,0,18,12.7,-1.7,Enrolled,15.6,48.8,35.6,15.6
1,1,1,9119,1,1,121.0,3,1,2,3,114.0,0,0,1,1,0,20,7.6,0.32,Enrolled,15.5,78.0,6.5,15.5
1,1,2,9085,1,1,148.0,38,19,4,9,134.7,1,0,1,0,0,18,8.9,3.51,Graduate,15.5,28.2,56.3,15.5
1,43,1,9500,1,1,128.0,1,19,9,8,100.0,1,0,1,0,0,20,13.9,0.79,Enrolled,15.5,58.4,26.1,15.5
1,17,4,9254,1,1,133.0,37,37,5,8,128.5,1,0,1,0,1,18,7.6,0.32,Graduate,15.4,16.8,67.9,15.4
1,1,2,9500,1,1,141.0,37,37,9,8,130.2,1,0,1,0,0,21,15.5,-4.06,Graduate,15.4,27.6,57.0,15.4
1,17,1,9070,1,1,118.0,38,19,9,3,111.0,1,0,1,0,0,21,7.6,0.32,Enrolled,15.4,43.5,41.1,15.4
1,17,4,9500,1,1,138.0,3,1,2,5,134.5,1,0,1,0,0,18,13.9,0.79,Graduate,15.4,25.1,59.5,15.4
1,43,1,8014,0,1,145.7,37,37,9,9,145.7,1,0,1,0,0,25,13.9,0.79,Graduate,15.3,27.4,57.3,15.3
1,1,4,9670,1,1,130.0,1,1,9,9,124.1,1,0,1,0,0,18,8.9,3.51,Graduate,15.3,23.5,61.2,15.3
2,39,1,8014,0,1,133.1,38,38,9,9,113.5,0,0,1,0,1,50,12.7,-1.7,Graduate,15.3,16.0,68.6,15.3
1,18,2,9773,1,1,132.0,37,19,9,7,119.1,1,0,1,0,1,22,9.4,-3.12,Graduate,15.3,15.8,68.9,15.3
1,17,2,9070,1,1,121.0,1,19,144,144,111.9,1,0,1,1,0,19,8.9,3.51,Enrolled,15.2,58.1,26.7,15.2
1,17,6,9556,1,1,134.0,19,38,7,7,128.5,1,0,1,0,1,18,12.7,-1.7,Graduate,15.2,19.1,65.6,15.2
1,1,1,9238,1,1,127.0,2,2,3,4,115.8,1,0,1,1,0,19,11.1,2.02,Enrolled,15.1,59.2,25.7,15.1
1,17,5,9500,1,1,140.0,1,1,4,3,131.1,1,0,1,0,0,18,11.1,2.02,Graduate,15.1,19.7,65.1,15.1
1,1,6,9500,1,1,139.0,1,1,4,4,124.5,1,0,1,0,0,19,10.8,1.74,Graduate,15.1,22.1,62.8,15.1
1,17,1,9773,1,1,125.0,37,37,5,7,120.1,0,0,1,0,1,18,16.2,-0.92,Graduate,15.0,15.1,69.8,15.0
1,1,1,9773,1,1,128.0,1,19,4,4,124.5,0,0,1,1,1,19,9.4,-3.12,Graduate,15.0,32.1,53.0,15.0
1,1,5,9070,1,1,123.0,3,1,9,3,121.3,1,0,1,0,0,20,12.4,1.79,Graduate,15.0,26.2,58.8,15.0
1,1,1,9070,1,1,131.0,37,37,3,3,131.7,1,0,1,0,0,20,12.7,-1.7,Graduate,14.9,31.9,53.2,14.9
1,17,1,9147,1,1,140.0,37,37,9,7,132.3,1,0,1,0,0,20,7.6,0.32,Enrolled,14.9,63.7,21.5,14.9
1,1,1,9085,1,1,133.0,38,37,9,7,120.1,1,0,1,0,0,18,12.7,-1.7,Enrolled,14.8,45.4,39.8,14.8
1,44,1,9003,1,39,150.0,3,2,2,2,150.0,0,0,1,1,0,25,15.5,-4.06,Enrolled,14.8,69.6,15.6,14.8
1,1,1,9147,1,1,136.0,37,38,193,181,125.9,0,0,1,0,0,21,11.1,2.02,Enrolled,14.8,64.0,21.2,14.8
1,17,1,9670,1,1,121.0,19,38,4,10,114.4,0,0,1,0,0,19,11.1,2.02,Enrolled,14.7,52.7,32.6,14.7
1,1,4,9500,1,1,137.0,1,19,4,7,126.7,1,0,1,0,0,18,15.5,-4.06,Graduate,14.7,19.0,66.3,14.7
1,17,5,9500,1,1,147.0,19,1,4,3,138.5,1,0,1,0,0,19,9.4,-3.12,Graduate,14.7,27.6,57.7,14.7
1,17,1,9085,1,1,133.0,19,1,4,5,127.1,1,0,1,0,0,18,11.1,2.02,Enrolled,14.6,54.5,30.9,14.6
1,1,1,9853,1,1,131.0,19,19,3,7,127.9,1,0,1,0,1,18,13.9,0.79,Graduate,14.6,38.2,47.2,14.6
1,1,5,9500,1,1,130.0,19,37,9,7,127.6,1,0,1,0,0,18,15.5,-4.06,Graduate,14.4,30.4,55.2,14.4
1,1,5,9254,1,1,128.0,19,1,7,10,116.5,1,0,1,0,1,18,8.9,3.51,Graduate,14.4,30.6,55.0,14.4
1,15,1,33,1,1,133.1,2,3,2,4,100.0,0,0,1,1,0,20,8.9,3.51,Enrolled,14.3,64.1,21.6,14.3
1,1,3,9670,1,1,121.0,1,19,5,5,111.9,1,0,1,1,1,20,10.8,1.74,Graduate,14.2,32.1,53.7,14.2
1,17,2,9500,1,1,138.0,1,38,5,8,132.8,1,0,1,0,0,18,13.9,0.79,Graduate,14.2,24.2,61.7,14.2
1,1,1,9085,1,6,122.0,19,19,9,9,126.2,1,0,1,0,0,22,9.4,-3.12,Graduate,14.2,39.5,46.3,14.2
4,39,1,8014,0,19,133.1,37,37,9,7,134.5,0,0,1,0,1,47,12.4,1.79,Graduate,14.1,11.6,74.3,14.1
1,17,1,171,1,1,140.0,1,1,5,7,146.3,1,0,1,0,1,18,12.7,-1.7,Graduate,14.0,18.8,67.2,14.0
1,1,2,9238,1,1,129.0,38,1,4,10,129.4,1,0,1,0,0,18,9.4,-3.12,Graduate,14.0,29.9,56.1,14.0
1,18,1,9147,1,1,160.0,19,19,5,8,137.6,1,0,1,0,1,19,10.8,1.74,Graduate,14.0,25.1,61.0,14.0
1,1,3,9500,1,1,150.0,19,38,1,1,130.8,1,0,1,0,0,18,12.7,-1.7,Graduate,14.0,32.5,53.5,14.0
1,16,1,9003,1,1,147.0,1,37,4,9,140.7,1,1,1,0,1,20,15.5,-4.06,Graduate,13.9,30.3,55.8,13.9
1,1,1,9147,1,1,151.0,37,1,4,10,138.4,0,0,1,0,0,18,10.8,1.74,Enrolled,13.9,55.7,30.4,13.9
1,1,1,9119,1,1,128.0,38,38,9,7,124.5,1,0,1,1,0,19,7.6,0.32,Enrolled,13.9,77.7,8.4,13.9
1,1,1,171,1,1,148.0,3,2,4,2,131.6,1,0,1,0,0,21,8.9,3.51,Enrolled,13.8,60.4,25.8,13.8
1,17,6,9500,1,1,147.0,1,38,4,8,141.1,1,0,1,0,0,20,13.9,0.79,Graduate,13.8,14.3,71.9,13.8
1,1,1,9254,1,1,123.0,1,37,9,9,132.1,0,0,1,0,1,21,15.5,-4.06,Graduate,13.7,22.0,64.3,13.7
2,42,1,9254,1,1,136.0,2,2,134,112,130.0,1,0,1,1,0,22,7.6,0.32,Enrolled,13.7,74.1,12.2,13.7
1,43,1,9773,1,1,122.0,1,1,4,5,126.9,0,0,1,0,0,21,7.6,0.32,Enrolled,13.7,63.3,23.0,13.7
1,1,2,9773,1,1,130.0,19,19,9,9,126.9,1,0,1,1,1,18,9.4,-3.12,Graduate,13.7,24.6,61.6,13.7
1,1,1,9085,1,1,149.0,19,19,4,6,147.6,1,0,1,0,0,20,15.5,-4.06,Graduate,13.6,35.8,50.6,13.6
1,1,2,9773,1,1,159.0,1,1,3,3,151.0,1,0,1,0,0,18,12.7,-1.7,Graduate,13.6,16.0,70.4,13.6
1,17,1,9773,1,1,115.0,37,37,9,8,116.1,1,0,1,0,1,18,13.9,0.79,Graduate,13.5,21.6,65.0,13.5
1,18,1,9670,1,1,133.0,1,1,9,9,121.5,1,0,1,0,1,19,12.4,1.79,Graduate,13.5,14.9,71.6,13.5
1,17,1,9500,1,1,121.0,1,1,4,3,120.5,1,0,1,0,0,21,10.8,1.74,Graduate,13.5,32.0,54.4,13.5
1,17,1,9670,1,1,133.1,1,19,141,114,140.0,1,0,1,0,0,22,13.9,0.79,Graduate,13.4,38.9,47.6,13.4
1,16,1,9085,1,1,140.0,1,1,9,9,127.1,1,0,1,0,0,18,12.7,-1.7,Enrolled,13.4,52.8,33.8,13.4
1,1,3,9500,1,1,141.0,1,1,9,9,126.3,1,0,1,0,0,18,12.7,-1.7,Graduate,13.4,34.9,51.8,13.4
1,1,3,9238,1,1,121.0,38,37,8,8,115.4,1,0,1,0,1,19,13.9,0.79,Graduate,13.3,21.1,65.6,13.3
1,1,2,9773,1,1,159.0,1,19,9,9,151.3,1,0,1,0,0,18,10.8,1.74,Graduate,13.1,16.1,70.8,13.1
1,17,6,9500,1,1,148.0,1,19,3,3,131.7,1,0,1,0,0,19,13.9,0.79,Graduate,13.1,12.3,74.6,13.1
1,1,6,9119,1,1,135.0,2,1,3,5,123.5,1,0,1,1,0,18,7.6,0.32,Enrolled,13.1,77.0,9.9,13.1
1,17,2,9500,1,1,140.0,37,37,9,9,132.5,1,0,1,0,0,18,7.6,0.32,Graduate,13.1,34.2,52.7,13.1
1,1,1,171,1,1,149.0,19,37,9,9,158.1,1,0,1,1,1,20,10.8,1.74,Graduate,13.0,16.9,70.0,13.0
1,1,1,9500,1,1,114.0,19,38,5,3,112.6,1,0,1,0,0,19,16.2,-0.92,Graduate,13.0,27.8,59.1,13.0
1,1,4,9500,1,1,136.0,38,1,5,6,133.9,1,0,1,0,0,18,15.5,-4.06,Graduate,12.9,14.2,72.9,12.9
1,1,5,9254,1,1,120.0,37,37,9,7,127.0,1,0,1,0,1,18,9.4,-3.12,Graduate,12.9,27.2,59.8,12.9
1,17,2,9070,1,1,126.0,38,38,9,8,129.9,1,0,1,1,1,19,12.4,1.79,Graduate,12.8,20.5,66.7,12.8
1,1,1,9773,1,1,126.0,37,38,7,7,119.0,0,0,1,0,1,18,15.5,-4.06,Graduate,12.8,22.3,64.9,12.8
1,17,4,9773,1,1,134.0,1,1,3,3,120.4,1,0,1,0,1,18,16.2,-0.92,Graduate,12.7,7.3,80.0,12.7
1,1,1,9670,1,1,119.0,37,37,10,6,119.7,1,0,1,0,0,20,7.6,0.32,Enrolled,12.6,53.0,34.4,12.6
1,17,1,9500,1,1,128.0,1,1,4,5,124.7,0,0,1,1,1,19,15.5,-4.06,Graduate,12.5,31.2,56.2,12.5
1,15,1,9147,1,1,135.0,1,1,9,7,135.0,0,1,1,1,0,21,8.9,3.51,Enrolled,12.4,69.6,17.9,12.4
1,1,2,9147,1,1,118.0,37,19,5,5,119.1,1,0,1,0,1,20,12.4,1.79,Graduate,12.3,37.4,50.4,12.3
2,43,1,9238,1,12,100.0,37,37,9,9,134.4,0,0,1,0,0,34,7.6,0.32,Graduate,12.3,23.6,64.1,12.3
1,17,1,8014,0,1,136.0,37,37,5,8,132.5,0,1,1,0,1,22,13.9,0.79,Graduate,12.3,19.6,68.2,12.3
1,1,2,9070,1,1,129.0,3,4,2,2,136.4,1,0,1,0,0,18,7.6,0.32,Graduate,12.1,40.8,47.1,12.1
1,1,1,9773,1,1,134.0,37,19,9,10,141.4,1,0,1,0,0,19,9.4,-3.12,Graduate,12.1,38.9,49.0,12.1
1,1,1,9500,1,1,133.0,3,19,2,8,126.7,0,0,1,0,0,19,16.2,-0.92,Graduate,12.1,35.4,52.4,12.1
1,44,1,9003,1,39,140.0,37,37,9,1,140.0,0,0,1,1,1,20,15.5,-4.06,Graduate,12.0,28.7,59.3,12.0
1,44,1,9003,1,39,140.0,2,1,4,6,140.0,0,0,1,1,0,21,13.9,0.79,Enrolled,12.0,51.3,36.7,12.0
1,17,2,9500,1,1,131.0,19,37,9,7,129.8,1,0,1,0,0,20,12.4,1.79,Graduate,12.0,31.5,56.5,12.0
1,1,1,9670,1,1,100.0,38,38,9,10,100.0,0,0,1,0,0,20,11.1,2.02,Enrolled,11.9,53.5,34.6,11.9
2,43,1,9500,1,1,137.0,3,3,2,2,115.0,0,0,1,0,0,28,13.9,0.79,Enrolled,11.9,55.0,33.1,11.9
1,17,1,9085,1,1,134.0,19,37,2,7,131.2,0,0,1,0,0,19,7.6,0.32,Enrolled,11.9,60.3,27.8,11.9
1,1,1,9238,1,1,135.0,19,38,7,5,121.0,0,0,1,0,0,20,9.4,-3.12,Enrolled,11.8,47.9,40.3,11.8
1,1,1,9085,1,1,139.0,3,4,2,2,130.6,0,0,1,0,0,18,9.4,-3.12,Enrolled,11.8,55.2,33.0,11.8
1,44,1,9085,1,39,140.0,3,3,2,2,140.0,1,0,1,0,0,19,12.4,1.79,Enrolled,11.8,66.2,21.9,11.8
1,1,1,9085,1,1,123.0,3,1,2,5,112.9,0,0,1,1,0,18,7.6,0.32,Enrolled,11.7,72.6,15.6,11.7
1,17,1,8014,0,1,127.0,19,37,4,7,115.8,0,0,1,0,0,24,10.8,1.74,Graduate,11.7,35.9,52.4,11.7
1,1,1,9500,1,1,143.0,3,3,2,2,129.0,0,0,1,1,0,18,10.8,1.74,Enrolled,11.7,49.4,38.9,11.7
1,1,1,9238,1,1,138.0,37,37,9,9,135.9,1,0,1,0,0,19,7.6,0.32,Graduate,11.6,26.4,62.0,11.6
1,17,1,9238,1,1,130.0,37,37,9,9,122.0,1,0,1,0,1,21,12.7,-1.7,Graduate,11.6,15.2,73.2,11.6
1,43,1,9500,1,1,137.0,38,19,9,5,129.3,1,0,1,0,0,19,12.7,-1.7,Enrolled,11.6,55.0,33.4,11.6
1,1,1,8014,0,1,130.0,1,1,9,9,118.1,0,0,1,1,0,20,7.6,0.32,Graduate,11.6,41.9,46.5,11.6
1,17,5,9238,1,1,131.0,19,37,5,7,120.2,1,0,1,0,1,19,13.9,0.79,Graduate,11.5,9.9,78.6,11.5
1,1,2,9500,1,1,135.0,19,19,9,10,122.9,1,0,1,0,0,18,15.5,-4.06,Graduate,11.5,37.9,50.7,11.5
1,1,1,9254,1,1,115.0,3,2,4,5,112.6,0,0,1,1,1,20,8.9,3.51,Enrolled,11.4,60.5,28.1,11.4
1,44,1,9003,1,39,160.0,37,37,9,9,160.0,0,0,1,1,1,22,16.2,-0.92,Graduate,11.4,18.0,70.6,11.4
1,1,1,9773,1,1,125.0,19,38,3,5,115.9,0,0,1,0,0,19,10.8,1.74,Enrolled,11.3,50.0,38.7,11.3
1,1,1,9500,1,1,154.0,19,19,3,3,142.0,0,0,1,1,0,19,12.7,-1.7,Graduate,11.3,29.4,59.3,11.3
1,1,1,9238,1,1,152.0,1,38,4,5,144.7,0,0,1,0,0,20,16.2,-0.92,Graduate,11.3,18.3,70.5,11.3
1,17,1,9500,1,1,128.0,38,38,7,7,131.5,0,0,1,0,0,18,9.4,-3.12,Enrolled,11.3,46.4,42.3,11.3
1,1,1,9500,1,1,134.0,38,19,3,10,121.2,0,0,1,0,0,19,15.5,-4.06,Graduate,11.2,40.3,48.5,11.2
2,43,1,8014,0,1,110.0,37,19,9,3,100.0,0,0,1,0,0,34,9.4,-3.12,Enrolled,11.2,47.4,41.4,11.2
1,1,1,9500,1,1,148.0,19,19,4,4,133.8,0,0,1,0,0,18,12.7,-1.7,Graduate,11.2,38.3,50.5,11.2
1,1,2,9556,1,1,142.0,1,19,4,5,130.5,1,0,1,0,1,18,16.2,-0.92,Graduate,11.1,19.0,69.9,11.1
1,17,1,9147,1,1,122.0,19,19,4,6,119.9,0,0,1,0,1,21,12.7,-1.7,Enrolled,11.0,51.5,37.6,11.0
1,1,4,9238,1,1,127.0,19,19,4,0,127.4,1,0,1,0,0,20,7.6,0.32,Graduate,11.0,10.8,78.2,11.0
1,1,1,9670,1,1,133.1,3,1,1,7,155.0,0,0,1,0,0,22,9.4,-3.12,Graduate,11.0,42.3,46.7,11.0
1,17,1,9670,1,1,118.0,37,38,8,7,115.2,1,0,1,0,1,21,7.6,0.32,Enrolled,11.0,50.5,38.5,11.0
1,17,5,9500,1,1,128.0,1,1,4,5,120.8,1,0,1,0,1,19,16.2,-0.92,Graduate,11.0,17.8,71.2,11.0
1,1,3,9500,1,1,154.0,1,37,4,9,134.8,1,0,1,0,0,19,7.6,0.32,Graduate,10.9,34.1,55.0,10.9
1,1,1,9991,0,1,172.0,38,37,9,9,149.3,0,0,1,1,1,24,8.9,3.51,Graduate,10.8,17.4,71.8,10.8
1,1,1,9500,1,1,121.0,1,1,4,4,114.9,0,0,1,1,1,21,12.4,1.79,Graduate,10.7,28.7,60.6,10.7
1,39,1,9500,1,1,133.1,1,38,3,7,121.7,0,0,1,0,1,27,12.4,1.79,Graduate,10.7,34.4,54.9,10.7
1,1,1,171,1,1,141.0,1,19,5,8,141.4,1,0,1,0,1,18,13.9,0.79,Graduate,10.7,14.4,74.9,10.7
1,44,1,9070,1,1,140.0,1,1,9,8,144.3,1,0,1,0,0,19,12.4,1.79,Enrolled,10.7,52.9,36.4,10.7
1,43,1,9070,1,1,133.0,1,2,9,2,128.8,0,0,1,1,0,19,10.8,1.74,Enrolled,10.6,78.0,11.4,10.6
1,1,2,9070,1,1,121.0,4,1,2,3,120.7,1,0,1,0,0,18,9.4,-3.12,Graduate,10.6,42.6,46.7,10.6
1,17,1,9500,1,1,134.0,38,1,9,6,133.5,1,0,1,1,1,20,15.5,-4.06,Graduate,10.5,20.8,68.7,10.5
1,1,1,171,1,1,145.0,40,1,2,4,160.1,0,0,1,0,1,19,8.9,3.51,Graduate,10.5,18.0,71.5,10.5
1,1,1,9147,1,1,142.0,19,19,9,9,127.0,1,0,1,0,1,18,13.9,0.79,Graduate,10.5,36.4,53.1,10.5
1,43,1,9085,1,1,162.0,2,1,4,4,162.0,0,0,1,0,0,19,12.4,1.79,Enrolled,10.5,51.7,37.9,10.5
1,1,5,9500,1,1,141.0,38,38,9,9,142.3,1,0,1,0,0,18,9.4,-3.12,Graduate,10.4,26.0,63.6,10.4
1,1,1,9147,1,1,158.0,19,37,9,7,130.0,1,0,1,0,0,20,7.6,0.32,Enrolled,10.3,65.9,23.8,10.3
1,39,1,9556,1,1,120.0,38,38,191,193,120.0,0,1,1,0,1,24,12.7,-1.7,Enrolled,10.3,79.6,10.1,10.3
1,1,1,9500,1,1,130.0,3,3,1,5,118.8,0,0,1,0,0,18,11.1,2.02,Enrolled,10.2,47.7,42.1,10.2
1,17,2,9500,1,1,131.0,38,1,5,7,118.4,1,0,1,0,1,20,16.2,-0.92,Graduate,10.2,12.8,77.0,10.2
1,1,1,9773,1,1,150.0,19,38,9,5,143.0,0,0,1,0,0,18,12.7,-1.7,Graduate,10.2,35.3,54.5,10.2
5,1,3,9085,1,1,133.0,19,19,4,7,119.7,1,0,1,0,0,21,9.4,-3.12,Enrolled,10.2,49.8,40.0,10.2
1,39,1,9500,1,1,100.0,37,37,7,7,160.0,1,0,1,0,1,24,10.8,1.74,Graduate,10.2,25.8,64.0,10.2
1,1,1,9254,1,1,131.0,37,38,9,7,137.0,0,0,1,0,1,20,15.5,-4.06,Graduate,10.2,22.3,67.5,10.2
1,1,2,9500,1,1,133.0,19,1,9,1,122.2,0,0,1,0,0,20,13.9,0.79,Graduate,10.1,26.9,63.0,10.1
1,1,2,9085,1,1,130.0,37,19,9,8,129.0,0,0,1,0,0,20,7.6,0.32,Enrolled,10.1,48.2,41.6,10.1
1,1,4,9500,1,1,140.0,1,19,9,7,127.0,1,0,1,0,0,19,12.7,-1.7,Graduate,10.1,20.6,69.4,10.1
1,1,1,9070,1,1,130.0,12,19,4,5,118.5,0,0,1,0,1,18,8.9,3.51,Graduate,9.9,25.0,65.1,9.9
1,1,1,9670,1,1,122.0,1,19,3,5,116.8,1,0,1,0,0,21,7.6,0.32,Enrolled,9.7,60.1,30.1,9.7
1,18,1,9991,0,1,133.1,38,38,5,5,145.0,0,0,1,0,1,21,10.8,1.74,Graduate,9.7,16.2,74.1,9.7
1,39,1,9500,1,1,130.0,37,37,9,7,133.0,1,0,1,0,1,26,7.6,0.32,Graduate,9.7,37.2,53.1,9.7
2,39,1,8014,0,1,120.0,38,37,5,3,110.5,0,0,1,0,1,36,10.8,1.74,Graduate,9.7,12.5,77.9,9.7
1,1,1,9147,1,1,128.0,38,37,5,6,122.1,0,0,1,0,1,18,13.9,0.79,Graduate,9.7,32.2,58.1,9.7
1,1,1,171,1,1,124.0,2,2,3,2,118.4,1,0,1,1,0,18,7.6,0.32,Enrolled,9.7,79.9,10.4,9.7
1,1,1,9670,1,1,124.0,2,2,3,3,124.7,1,0,1,1,0,21,7.6,0.32,Enrolled,9.6,67.3,23.1,9.6
1,1,1,9500,1,1,133.0,37,38,9,9,130.2,1,0,1,1,1,19,16.2,-0.92,Graduate,9.6,16.2,74.1,9.6
1,1,1,9500,1,1,143.0,5,1,2,5,136.7,0,0,1,0,0,19,11.1,2.02,Graduate,9.6,44.2,46.2,9.6
1,1,1,9773,1,1,127.0,1,19,7,7,121.8,1,0,1,0,1,20,9.4,-3.12,Graduate,9.5,28.5,61.9,9.5
1,1,1,171,1,1,137.0,19,19,5,5,134.6,1,0,1,0,1,19,10.8,1.74,Graduate,9.3,23.9,66.7,9.3
1,1,1,9147,1,1,121.0,37,38,9,9,114.0,0,0,1,0,1,19,11.1,2.02,Enrolled,9.3,45.4,45.2,9.3
1,1,1,8014,0,1,120.0,1,37,7,3,122.8,0,0,1,0,0,23,9.4,-3.12,Graduate,9.3,32.6,58.1,9.3
1,1,1,9500,1,1,143.0,3,19,3,10,126.8,0,0,1,1,0,19,10.8,1.74,Enrolled,9.2,47.5,43.3,9.2
1,1,1,9130,1,1,172.0,19,19,9,9,163.3,1,0,1,0,1,18,13.9,0.79,Graduate,9.2,8.6,82.2,9.2
1,17,4,9500,1,1,137.0,1,19,4,3,121.3,1,0,1,1,1,18,10.8,1.74,Graduate,9.2,9.5,81.3,9.2
1,17,1,9085,1,1,131.0,38,38,191,174,125.4,1,0,1,0,0,20,15.5,-4.06,Enrolled,9.1,63.7,27.2,9.1
1,1,2,9500,1,1,133.1,19,38,7,9,125.5,1,0,1,0,1,21,15.5,-4.06,Graduate,9.1,18.5,72.4,9.1
1,1,4,9500,1,1,142.0,38,37,9,5,127.3,1,0,1,0,0,18,10.8,1.74,Graduate,9.0,20.6,70.3,9.0
3,17,1,9238,1,1,138.0,37,37,9,9,133.5,1,0,1,0,1,21,12.7,-1.7,Graduate,8.9,14.3,76.8,8.9
1,1,4,9500,1,1,140.0,1,12,3,10,131.6,1,0,1,0,0,18,12.4,1.79,Graduate,8.8,15.7,75.5,8.8
1,15,1,9085,1,1,133.1,37,37,9,9,109.6,0,0,1,0,0,18,11.1,2.02,Graduate,8.8,42.7,48.5,8.8
1,1,6,9500,1,1,137.0,1,3,3,2,121.3,1,0,1,0,0,20,7.6,0.32,Graduate,8.7,35.4,55.9,8.7
1,1,1,8014,0,1,115.0,38,38,9,7,115.0,1,0,1,0,0,28,9.4,-3.12,Graduate,8.6,39.6,51.8,8.6
2,39,1,9500,1,1,133.1,19,37,6,6,120.0,0,0,1,0,1,32,12.7,-1.7,Graduate,8.6,24.6,66.8,8.6
1,1,3,9085,1,1,134.0,38,19,9,5,129.1,0,0,1,0,0,19,7.6,0.32,Enrolled,8.6,55.3,36.1,8.6
1,1,1,9147,1,1,131.0,38,38,9,9,126.5,0,0,1,0,1,18,12.4,1.79,Graduate,8.5,34.4,57.0,8.5
1,17,1,9238,1,1,116.0,19,19,7,7,111.1,1,0,1,0,1,18,8.9,3.51,Graduate,8.5,24.6,67.0,8.5
1,43,3,9500,1,1,139.0,38,37,9,8,146.5,0,0,1,0,0,21,7.6,0.32,Enrolled,8.4,51.9,39.7,8.4
1,1,6,9773,1,1,145.0,1,19,4,4,131.0,1,0,1,0,1,18,7.6,0.32,Graduate,8.4,11.8,79.8,8.4
1,17,1,9500,1,1,141.0,2,38,2,10,135.4,1,0,1,0,0,18,13.9,0.79,Graduate,8.4,40.9,50.7,8.4
1,1,2,9773,1,1,150.0,1,37,9,7,130.8,0,0,1,0,1,20,15.5,-4.06,Graduate,8.4,12.9,78.7,8.4
1,1,1,9500,1,1,148.0,19,38,9,8,134.8,1,0,1,1,0,18,7.6,0.32,Enrolled,8.4,48.6,43.0,8.4
1,1,4,9500,1,1,140.0,3,19,2,3,133.8,1,0,1,0,0,17,10.8,1.74,Graduate,8.3,15.6,76.1,8.3
1,18,2,9500,1,1,129.0,38,37,5,5,119.0,1,0,1,0,1,19,10.8,1.74,Graduate,8.3,12.0,79.7,8.3
1,1,6,9500,1,1,140.0,3,1,3,3,131.5,1,0,1,0,0,19,9.4,-3.12,Graduate,8.2,23.0,68.8,8.2
1,1,1,9070,1,1,124.0,19,37,4,4,126.8,0,0,1,0,1,18,13.9,0.79,Graduate,8.1,26.0,65.9,8.1
1,43,1,9773,1,1,123.0,19,19,9,8,134.0,0,0,1,0,1,20,12.4,1.79,Graduate,8.1,32.1,59.8,8.1
1,18,1,9070,1,1,143.0,38,38,7,5,141.6,0,0,1,0,1,19,10.8,1.74,Graduate,8.1,15.3,76.6,8.1
1,1,2,9773,1,1,130.0,19,1,9,9,126.9,1,0,1,0,1,19,11.1,2.02,Graduate,8.0,15.4,76.6,8.0
1,43,2,9500,1,1,136.0,38,38,9,5,131.3,0,0,1,0,0,23,7.6,0.32,Enrolled,7.9,57.2,34.9,7.9
1,16,1,9070,1,1,145.0,1,1,3,3,146.1,1,0,1,0,0,18,9.4,-3.12,Graduate,7.9,45.0,47.1,7.9
1,1,2,9500,1,1,106.0,1,19,4,4,106.4,1,0,1,0,1,19,12.4,1.79,Graduate,7.8,24.0,68.2,7.8
1,18,2,9500,1,1,135.0,38,37,9,5,125.3,1,0,1,0,1,18,12.7,-1.7,Graduate,7.8,13.6,78.6,7.8
1,1,3,9773,1,1,136.0,3,1,5,3,129.0,1,0,1,0,1,19,13.9,0.79,Graduate,7.7,10.0,82.3,7.7
1,43,2,9500,1,1,136.0,19,1,9,10,124.1,0,0,1,1,1,21,9.4,-3.12,Enrolled,7.7,54.1,38.2,7.7
1,17,1,9147,1,1,139.0,1,38,4,5,152.0,0,0,1,0,1,18,12.7,-1.7,Graduate,7.7,41.7,50.5,7.7
1,1,3,9773,1,1,150.0,19,38,4,4,146.5,1,0,1,0,1,20,11.1,2.02,Graduate,7.6,15.5,76.9,7.6
1,17,3,9070,1,1,142.0,1,38,3,5,146.9,1,0,1,0,1,18,16.2,-0.92,Graduate,7.6,21.2,71.2,7.6
1,39,1,8014,0,1,120.0,38,38,9,9,148.5,0,0,1,0,1,31,10.8,1.74,Graduate,7.6,15.8,76.5,7.6
1,17,4,9500,1,1,132.0,38,19,5,7,125.5,0,0,1,0,1,19,15.5,-4.06,Graduate,7.6,8.6,83.8,7.6
1,1,2,9254,1,1,136.0,38,38,9,7,125.2,1,0,1,0,1,18,8.9,3.51,Graduate,7.6,19.8,72.6,7.6
1,44,1,9003,1,39,150.0,19,37,6,6,150.0,0,1,1,0,1,19,13.9,0.79,Graduate,7.5,34.1,58.4,7.5
1,51,1,9238,1,39,140.0,38,38,5,7,129.1,1,0,1,0,1,20,12.4,1.79,Graduate,7.5,7.5,84.9,7.5
1,1,2,9500,1,1,124.0,37,37,9,9,116.0,1,0,1,0,1,21,12.7,-1.7,Graduate,7.5,18.5,74.0,7.5
1,1,2,9070,1,1,164.0,38,38,9,7,165.8,1,0,1,0,0,18,9.4,-3.12,Graduate,7.4,24.3,68.3,7.4
1,1,4,9500,1,1,128.0,1,1,4,10,125.2,1,0,1,1,1,18,12.4,1.79,Graduate,7.4,13.3,79.3,7.4
1,1,1,9500,1,1,131.0,1,19,9,9,127.0,0,0,1,1,1,19,12.7,-1.7,Graduate,7.3,22.3,70.4,7.3
1,1,1,8014,0,1,126.0,37,38,9,10,119.4,0,0,1,0,0,19,12.7,-1.7,Graduate,7.2,37.3,55.5,7.2
1,1,2,9773,1,1,132.0,1,2,9,3,128.2,1,0,1,0,1,19,9.4,-3.12,Graduate,7.2,27.7,65.1,7.2
1,53,1,9085,1,42,150.0,3,1,2,8,153.8,1,0,1,0,0,21,8.9,3.51,Graduate,7.1,42.9,50.1,7.1
1,1,1,9773,1,1,151.0,1,1,5,9,146.5,0,0,1,0,1,18,12.7,-1.7,Graduate,7.0,10.8,82.3,7.0
1,1,4,9500,1,1,136.0,1,1,9,1,133.0,1,0,1,0,0,19,7.6,0.32,Graduate,7.0,21.1,71.9,7.0
1,1,4,9500,1,1,148.0,19,19,9,3,125.0,1,0,1,0,0,18,7.6,0.32,Graduate,6.9,20.6,72.4,6.9
1,1,2,9500,1,1,124.0,37,37,7,7,116.5,1,0,1,0,1,20,11.1,2.02,Graduate,6.9,19.5,73.6,6.9
1,1,1,9085,1,1,133.1,19,38,5,7,110.0,1,0,1,0,1,21,11.1,2.02,Graduate,6.9,32.1,61.0,6.9
1,1,6,9500,1,1,140.0,19,19,1,4,133.3,1,0,1,0,1,17,9.4,-3.12,Graduate,6.9,17.1,76.0,6.9
1,18,6,9500,1,1,124.0,37,37,9,7,117.8,0,0,1,0,1,20,10.8,1.74,Graduate,6.7,8.0,85.3,6.7
1,17,4,9500,1,1,137.0,1,37,9,9,128.4,1,0,1,0,1,19,13.9,0.79,Graduate,6.7,8.3,85.0,6.7
1,17,6,9500,1,1,143.0,1,19,4,4,129.9,0,0,1,0,1,20,11.1,2.02,Graduate,6.6,10.4,83.0,6.6
1,17,2,9070,1,1,133.1,37,38,9,10,178.0,1,0,1,1,1,23,9.4,-3.12,Graduate,6.5,19.3,74.2,6.5
1,1,4,9085,1,1,135.0,38,37,9,9,132.6,1,0,1,0,1,19,10.8,1.74,Graduate,6.5,10.9,82.6,6.5
1,1,2,9773,1,1,131.0,19,37,9,10,121.9,1,0,1,0,1,18,11.1,2.02,Graduate,6.5,19.8,73.7,6.5
1,1,1,9085,1,1,140.0,3,3,2,2,146.4,0,0,1,0,0,18,7.6,0.32,Enrolled,6.5,59.0,34.5,6.5
1,17,2,8014,0,1,133.1,19,1,1,1,118.0,0,0,1,0,1,20,10.8,1.74,Graduate,6.5,15.1,78.4,6.5
1,1,3,9500,1,1,128.0,1,1,7,7,120.5,1,0,1,0,1,19,12.4,1.79,Graduate,6.5,22.2,71.4,6.5
1,1,1,9500,1,1,147.0,38,38,9,9,142.0,1,0,1,0,0,18,7.6,0.32,Graduate,6.5,30.9,62.5,6.5
1,1,3,9500,1,1,147.0,37,38,9,5,134.8,1,0,1,0,0,18,7.6,0.32,Graduate,6.4,45.0,48.6,6.4
1,1,3,9500,1,1,130.0,3,1,2,5,133.8,0,0,1,0,0,19,7.6,0.32,Enrolled,6.4,55.0,38.7,6.4
1,1,1,9070,1,1,150.0,37,37,9,6,131.1,0,0,1,0,1,19,15.5,-4.06,Graduate,6.4,19.6,74.0,6.4
1,1,1,9500,1,1,148.0,3,3,2,2,137.3,1,0,1,0,0,19,7.6,0.32,Enrolled,6.3,50.2,43.5,6.3
1,1,1,9500,1,1,133.0,37,37,9,7,121.8,0,0,1,1,1,18,9.4,-3.12,Graduate,6.3,33.3,60.4,6.3
1,1,1,9500,1,1,141.0,37,37,9,9,136.3,1,0,1,1,1,18,7.6,0.32,Graduate,6.1,23.1,70.8,6.1
1,1,1,9500,1,1,140.0,1,1,4,4,123.5,1,0,1,0,1,19,9.4,-3.12,Graduate,6.0,32.0,62.0,6.0
1,1,1,9085,1,1,134.0,1,1,9,9,133.0,1,0,1,0,1,20,11.1,2.02,Graduate,6.0,23.6,70.5,6.0
1,51,1,9070,1,1,135.0,3,1,3,5,121.8,0,0,1,0,1,19,11.1,2.02,Graduate,6.0,33.1,60.9,6.0
1,1,1,9147,1,1,127.0,38,19,9,10,117.9,0,0,1,0,1,20,8.9,3.51,Enrolled,5.9,47.3,46.8,5.9
1,17,2,9500,1,1,137.0,19,37,4,7,126.3,1,0,1,0,1,19,11.1,2.02,Graduate,5.9,18.5,75.6,5.9
1,17,1,9238,1,1,125.0,19,38,3,7,114.9,0,0,1,0,1,19,11.1,2.02,Graduate,5.8,23.0,71.2,5.8
1,1,1,9773,1,1,125.0,19,1,9,9,130.6,1,0,1,0,1,18,8.9,3.51,Graduate,5.8,19.4,74.8,5.8
1,17,5,9500,1,1,144.0,19,38,9,5,130.7,1,0,1,0,1,18,13.9,0.79,Graduate,5.7,17.5,76.9,5.7
1,1,1,9238,1,1,160.0,19,38,9,9,152.0,0,0,1,1,1,19,13.9,0.79,Graduate,5.7,8.5,85.8,5.7
1,44,1,9238,1,1,140.0,1,1,5,5,143.4,0,0,1,0,1,21,13.9,0.79,Graduate,5.7,20.6,73.7,5.7
1,1,1,9238,1,1,125.0,19,19,9,9,121.5,1,0,1,0,1,19,12.4,1.79,Graduate,5.7,13.6,80.7,5.7
1,1,1,9500,1,1,137.0,37,37,7,9,130.8,1,0,1,0,1,18,7.6,0.32,Graduate,5.6,23.2,71.3,5.6
1,1,3,9500,1,1,114.0,1,1,5,5,114.5,1,0,1,0,1,19,12.4,1.79,Graduate,5.6,24.7,69.7,5.6
1,1,1,9773,1,1,170.0,1,19,9,7,155.0,0,0,1,1,1,18,11.1,2.02,Graduate,5.6,11.0,83.4,5.6
1,17,1,9500,1,1,137.0,1,1,9,9,127.9,1,0,1,0,1,18,11.1,2.02,Graduate,5.5,19.5,75.0,5.5
1,44,1,9238,1,39,140.0,1,19,191,102,143.0,0,0,1,0,0,20,13.9,0.79,Enrolled,5.4,55.3,39.3,5.4
1,1,3,9500,1,1,102.0,1,19,9,5,100.6,1,0,1,0,1,20,12.4,1.79,Graduate,5.3,33.1,61.6,5.3
1,1,1,9500,1,1,141.0,1,1,90,3,127.8,0,0,1,0,1,19,7.6,0.32,Graduate,5.3,9.4,85.3,5.3
1,17,6,9500,1,1,139.0,37,37,9,6,133.5,1,0,1,0,1,18,12.7,-1.7,Graduate,5.2,9.7,85.1,5.2
1,17,3,9238,1,1,141.0,19,38,9,7,125.6,1,0,1,0,1,19,8.9,3.51,Graduate,5.2,17.6,77.1,5.2
2,1,1,8014,0,1,150.0,1,37,4,7,139.9,1,0,1,0,0,24,9.4,-3.12,Graduate,5.1,21.9,73.0,5.1
1,17,1,9500,1,1,127.0,19,38,5,9,129.5,1,0,1,0,1,20,7.6,0.32,Graduate,5.0,25.3,69.7,5.0
1,1,1,9070,1,1,133.1,1,1,9,9,155.0,0,0,1,0,1,21,16.2,-0.92,Graduate,5.0,11.7,83.3,5.0
1,1,3,9500,1,1,137.0,19,38,7,7,126.5,1,0,1,0,1,19,9.4,-3.12,Graduate,5.0,32.8,62.2,5.0
1,1,3,9500,1,1,141.0,19,19,9,7,131.7,1,0,1,0,1,19,15.5,-4.06,Graduate,5.0,19.8,75.2,5.0
1,1,1,9500,1,1,140.0,38,37,9,7,130.0,1,0,1,1,1,18,7.6,0.32,Graduate,4.9,24.8,70.3,4.9
1,1,3,9500,1,1,140.0,19,37,9,9,125.5,1,0,1,0,1,19,10.8,1.74,Graduate,4.8,19.8,75.4,4.8
1,1,2,9500,1,1,117.0,19,1,4,7,112.1,0,0,1,0,1,20,11.1,2.02,Graduate,4.7,23.2,72.1,4.7
1,53,1,9085,1,42,170.0,1,19,4,7,170.0,0,0,1,0,0,20,8.9,3.51,Graduate,4.7,25.4,70.0,4.7
1,16,4,9773,1,1,109.0,37,37,9,3,137.0,1,0,1,0,1,18,10.8,1.74,Graduate,4.7,8.3,87.0,4.7
1,44,1,9003,1,39,160.0,37,38,9,7,160.0,0,0,1,0,1,19,15.5,-4.06,Graduate,4.6,22.2,73.2,4.6
1,1,2,9085,1,1,162.0,37,1,9,9,165.2,1,0,1,0,1,18,10.8,1.74,Graduate,4.3,10.9,84.9,4.3
1,1,1,9500,1,1,128.0,3,1,2,1,127.8,0,0,1,0,1,19,13.9,0.79,Graduate,4.2,17.7,78.1,4.2
1,1,1,9500,1,1,132.0,19,37,4,9,128.0,1,0,1,0,1,19,7.6,0.32,Graduate,4.2,25.0,70.8,4.2
1,17,1,9500,1,1,130.0,19,1,9,7,130.4,1,0,1,0,1,19,11.1,2.02,Graduate,4.2,23.3,72.6,4.2
1,1,4,9500,1,1,136.0,37,37,9,9,126.3,1,0,1,0,1,18,7.6,0.32,Graduate,4.2,12.2,83.6,4.2
1,17,1,9003,1,1,131.0,19,1,9,2,134.5,1,0,1,0,1,19,12.4,1.79,Graduate,4.1,24.5,71.3,4.1
1,1,1,9238,1,1,165.0,37,38,9,8,152.4,1,0,1,0,1,18,16.2,-0.92,Graduate,3.9,6.4,89.7,3.9
1,17,1,9238,1,1,145.0,38,38,9,7,145.0,0,0,1,0,1,19,12.4,1.79,Graduate,3.8,8.5,87.8,3.8
2,1,1,9085,1,1,139.0,19,19,192,144,127.1,0,0,1,1,1,23,10.8,1.74,Graduate,3.7,46.3,50.0,3.7
1,51,1,9500,1,1,129.0,37,38,3,3,137.8,1,0,1,0,1,20,11.1,2.02,Graduate,3.7,12.1,84.2,3.7
1,42,1,9500,1,1,160.0,37,38,9,7,161.0,1,0,1,0,1,22,10.8,1.74,Graduate,3.6,8.7,87.7,3.6
2,1,1,9500,1,1,142.0,19,38,4,5,130.3,0,0,1,0,0,18,7.6,0.32,Graduate,3.6,41.9,54.5,3.6
1,1,6,9500,1,1,127.0,1,19,3,3,120.2,1,0,1,0,1,19,12.4,1.79,Graduate,3.6,7.3,89.1,3.6
1,17,1,9500,1,1,148.0,1,37,9,7,143.3,0,0,1,0,1,18,13.9,0.79,Graduate,3.6,13.6,82.8,3.6
1,1,1,9238,1,1,164.0,19,19,9,9,149.0,1,0,1,0,1,23,10.8,1.74,Graduate,3.6,7.7,88.7,3.6
1,1,1,9670,1,1,157.0,19,38,9,7,146.2,1,0,1,0,1,20,11.1,2.02,Graduate,3.6,16.5,79.9,3.6
1,17,1,9238,1,1,133.1,38,38,191,193,146.0,0,1,1,0,1,19,8.9,3.51,Graduate,3.3,44.3,52.4,3.3
1,1,1,9500,1,1,136.0,1,19,5,7,136.4,0,0,1,0,1,19,13.9,0.79,Graduate,3.2,11.8,85.1,3.2
1,1,1,9238,1,1,132.0,1,38,9,7,127.1,1,0,1,0,1,20,8.9,3.51,Graduate,3.1,13.8,83.1,3.1
1,1,1,9500,1,1,152.0,19,37,3,8,156.9,0,0,1,0,1,18,15.5,-4.06,Graduate,3.0,15.3,81.7,3.0
2,1,1,9500,1,1,137.0,3,38,2,4,121.0,0,0,1,0,1,19,10.8,1.74,Graduate,3.0,22.3,74.7,3.0
1,1,1,9500,1,1,162.0,19,1,5,5,147.5,1,0,1,0,1,18,9.4,-3.12,Graduate,3.0,21.8,75.2,3.0
1,44,1,8014,0,39,150.0,1,37,9,7,146.7,0,0,1,0,1,21,12.4,1.79,Graduate,2.9,18.1,79.0,2.9
1,1,1,9500,1,1,135.0,2,1,2,8,126.6,0,0,1,0,1,19,11.1,2.02,Graduate,2.8,25.1,72.1,2.8
1,1,1,9500,1,1,141.0,1,19,3,3,131.9,1,0,1,0,1,18,11.1,2.02,Graduate,2.6,12.8,84.6,2.6
1,1,1,9238,1,1,160.0,38,37,9,7,155.5,1,0,1,0,1,18,10.8,1.74,Graduate,2.5,6.3,91.2,2.5
1,1,1,9500,1,1,143.0,19,19,5,6,142.3,0,0,1,0,1,18,12.4,1.79,Graduate,2.2,11.9,85.9,2.2
